1,66,DEPT_SALES,968,1000,66,4,SHORT
2,562,DEPT_UPGRADE,224,1200,562,7,EXCESSIVE
3,1265,DEPT_CANCEL,15,900,1265,6,ACCEPTABLE
4,1032,DEPT_MAIN,1226,1000,1032,6,ACCEPTABLE
5,507,DEPT_UPGRADE,25,1000,507,8,SHORT
6,1204,DEPT_SUPPORT,1207,1200,1204,4,SHORT
7,1222,DEPT_MAIN,397,900,1222,3,ACCEPTABLE
8,245,DEPT_CANCEL,170,1000,245,2,ACCEPTABLE
9,1076,DEPT_SUPPORT,581,1000,1076,2,ACCEPTABLE
10,930,DEPT_UPGRADE,452,900,930,6,SHORT
11,572,DEPT_UPGRADE,109,1200,572,6,SHORT
12,980,DEPT_UPGRADE,1301,1000,980,5,ACCEPTABLE
13,581,DEPT_MAIN,996,1000,581,6,EXCESSIVE
14,844,DEPT_SALES,1386,1200,844,9,SHORT
15,1374,DEPT_UPGRADE,785,1000,1374,5,ACCEPTABLE
16,1036,DEPT_SALES,393,900,1036,1,EXCESSIVE
17,958,DEPT_MAIN,749,1000,958,2,SHORT
18,1079,DEPT_MAIN,1117,1200,1079,9,EXCESSIVE
19,1146,DEPT_SALES,1361,1000,1146,6,SHORT
20,1036,DEPT_MAIN,928,1000,1036,1,EXCESSIVE
21,358,DEPT_SALES,1354,1200,358,8,ACCEPTABLE
22,6,DEPT_MAIN,356,1200,6,3,SHORT
23,1247,DEPT_CANCEL,839,900,1247,9,SHORT
24,1176,DEPT_MAIN,84,1200,1176,5,ACCEPTABLE
25,864,DEPT_SUPPORT,868,1200,864,6,SHORT
26,795,DEPT_CANCEL,1326,1200,795,7,ACCEPTABLE
27,637,DEPT_CANCEL,464,900,637,6,ACCEPTABLE
28,797,DEPT_SUPPORT,1106,1200,797,3,EXCESSIVE
29,37,DEPT_SALES,1051,1200,37,7,ACCEPTABLE
30,54,DEPT_MAIN,1090,1200,54,4,ACCEPTABLE
31,12,DEPT_SALES,1136,1000,12,6,ACCEPTABLE
32,565,DEPT_CANCEL,1239,1200,565,6,EXCESSIVE
33,1052,DEPT_SALES,350,900,1052,8,EXCESSIVE
34,1120,DEPT_MAIN,1086,900,1120,8,SHORT
35,810,DEPT_SALES,1370,1200,810,5,ACCEPTABLE
36,1389,DEPT_MAIN,600,1200,1389,6,ACCEPTABLE
37,560,DEPT_MAIN,1196,1200,560,7,EXCESSIVE
38,959,DEPT_SALES,771,1000,959,6,EXCESSIVE
39,263,DEPT_CANCEL,603,1000,263,5,EXCESSIVE
40,57,DEPT_CANCEL,318,1200,57,4,SHORT
41,967,DEPT_MAIN,546,1000,967,8,ACCEPTABLE
42,1096,DEPT_UPGRADE,1006,900,1096,2,ACCEPTABLE
43,1321,DEPT_UPGRADE,213,1000,1321,5,EXCESSIVE
44,828,DEPT_SALES,927,1200,828,3,ACCEPTABLE
45,1260,DEPT_SUPPORT,123,1200,1260,4,ACCEPTABLE
46,123,DEPT_MAIN,1293,1200,123,3,EXCESSIVE
47,819,DEPT_MAIN,677,1200,819,1,ACCEPTABLE
48,625,DEPT_MAIN,1206,1200,625,6,SHORT
49,1343,DEPT_SUPPORT,176,900,1343,7,EXCESSIVE
50,1261,DEPT_UPGRADE,1059,900,1261,1,SHORT
51,420,DEPT_MAIN,1112,1200,420,1,ACCEPTABLE
52,266,DEPT_CANCEL,1213,1200,266,4,EXCESSIVE
53,1016,DEPT_SUPPORT,701,900,1016,5,EXCESSIVE
54,245,DEPT_CANCEL,133,1200,245,2,ACCEPTABLE
55,1283,DEPT_SALES,165,900,1283,2,EXCESSIVE
56,105,DEPT_MAIN,268,1000,105,8,ACCEPTABLE
57,714,DEPT_CANCEL,1029,1000,714,4,ACCEPTABLE
58,1350,DEPT_UPGRADE,1048,1000,1350,7,ACCEPTABLE
59,1307,DEPT_SALES,883,1200,1307,1,ACCEPTABLE
60,1263,DEPT_SUPPORT,981,1000,1263,6,SHORT
61,1107,DEPT_MAIN,350,900,1107,1,ACCEPTABLE
62,921,DEPT_UPGRADE,565,900,921,1,ACCEPTABLE
63,240,DEPT_CANCEL,381,900,240,2,SHORT
64,428,DEPT_CANCEL,884,1000,428,6,SHORT
65,1188,DEPT_MAIN,1390,900,1188,5,SHORT
66,464,DEPT_MAIN,1343,1000,464,5,ACCEPTABLE
67,147,DEPT_SUPPORT,704,1200,147,7,SHORT
68,529,DEPT_SALES,2,1000,529,9,EXCESSIVE
69,466,DEPT_UPGRADE,1175,900,466,7,SHORT
70,853,DEPT_UPGRADE,235,900,853,2,EXCESSIVE
71,792,DEPT_SUPPORT,633,1000,792,6,EXCESSIVE
72,926,DEPT_SUPPORT,983,1200,926,8,SHORT
73,859,DEPT_SALES,1357,1200,859,8,SHORT
74,769,DEPT_MAIN,15,1000,769,8,EXCESSIVE
75,53,DEPT_UPGRADE,1356,900,53,1,EXCESSIVE
76,236,DEPT_MAIN,1204,1000,236,7,EXCESSIVE
77,521,DEPT_MAIN,737,900,521,3,EXCESSIVE
78,1274,DEPT_SALES,1374,1000,1274,8,ACCEPTABLE
79,304,DEPT_CANCEL,1320,900,304,2,ACCEPTABLE
80,433,DEPT_CANCEL,180,1000,433,8,EXCESSIVE
81,593,DEPT_MAIN,1336,900,593,1,ACCEPTABLE
82,485,DEPT_CANCEL,632,1000,485,3,EXCESSIVE
83,551,DEPT_MAIN,357,1000,551,1,ACCEPTABLE
84,103,DEPT_SALES,983,1200,103,6,ACCEPTABLE
85,1365,DEPT_CANCEL,94,1000,1365,8,EXCESSIVE
86,951,DEPT_SUPPORT,754,1000,951,9,EXCESSIVE
87,556,DEPT_MAIN,524,900,556,5,SHORT
88,408,DEPT_UPGRADE,1179,1000,408,5,SHORT
89,742,DEPT_MAIN,575,1200,742,6,ACCEPTABLE
90,1039,DEPT_UPGRADE,241,1000,1039,2,ACCEPTABLE
91,705,DEPT_CANCEL,612,900,705,6,SHORT
92,382,DEPT_CANCEL,1053,900,382,7,SHORT
93,1378,DEPT_SUPPORT,1021,1000,1378,2,ACCEPTABLE
94,350,DEPT_CANCEL,755,1000,350,9,ACCEPTABLE
95,168,DEPT_MAIN,465,1200,168,7,ACCEPTABLE
96,1055,DEPT_SALES,1179,1000,1055,1,EXCESSIVE
97,881,DEPT_CANCEL,410,1000,881,4,ACCEPTABLE
98,407,DEPT_SALES,87,1000,407,2,SHORT
99,412,DEPT_MAIN,1275,1200,412,6,EXCESSIVE
100,1038,DEPT_CANCEL,297,1200,1038,4,EXCESSIVE
101,111,DEPT_SALES,1227,1000,111,7,SHORT
102,933,DEPT_CANCEL,1180,1000,933,6,SHORT
103,1328,DEPT_MAIN,774,900,1328,4,ACCEPTABLE
104,65,DEPT_SALES,332,1000,65,7,SHORT
105,914,DEPT_UPGRADE,438,1200,914,3,SHORT
106,629,DEPT_SUPPORT,629,900,629,6,SHORT
107,191,DEPT_MAIN,1065,1200,191,5,EXCESSIVE
108,977,DEPT_CANCEL,1132,1000,977,3,SHORT
109,449,DEPT_SALES,1266,1000,449,8,SHORT
110,170,DEPT_CANCEL,1069,1200,170,8,EXCESSIVE
111,435,DEPT_UPGRADE,1146,1200,435,6,EXCESSIVE
112,1132,DEPT_MAIN,887,1000,1132,9,SHORT
113,1084,DEPT_SUPPORT,574,900,1084,9,SHORT
114,766,DEPT_SUPPORT,828,1000,766,6,SHORT
115,155,DEPT_CANCEL,572,900,155,3,ACCEPTABLE
116,751,DEPT_MAIN,1274,1200,751,4,SHORT
117,310,DEPT_MAIN,761,1000,310,8,EXCESSIVE
118,886,DEPT_MAIN,596,1200,886,2,EXCESSIVE
119,836,DEPT_UPGRADE,10,1000,836,1,ACCEPTABLE
120,166,DEPT_CANCEL,10,1200,166,3,SHORT
121,773,DEPT_SALES,1342,1200,773,7,ACCEPTABLE
122,1230,DEPT_MAIN,53,900,1230,2,SHORT
123,3,DEPT_MAIN,1053,1000,3,9,SHORT
124,414,DEPT_SALES,1317,1200,414,9,ACCEPTABLE
125,34,DEPT_MAIN,291,1000,34,5,SHORT
126,186,DEPT_SUPPORT,997,900,186,6,SHORT
127,723,DEPT_MAIN,1126,1000,723,1,ACCEPTABLE
128,1106,DEPT_CANCEL,371,900,1106,6,SHORT
129,799,DEPT_CANCEL,906,1000,799,8,ACCEPTABLE
130,298,DEPT_UPGRADE,993,1000,298,7,EXCESSIVE
131,752,DEPT_CANCEL,391,1200,752,2,SHORT
132,839,DEPT_MAIN,518,900,839,2,EXCESSIVE
133,892,DEPT_UPGRADE,482,1000,892,3,ACCEPTABLE
134,869,DEPT_MAIN,622,1000,869,1,ACCEPTABLE
135,79,DEPT_UPGRADE,200,1200,79,8,ACCEPTABLE
136,1375,DEPT_MAIN,610,900,1375,4,ACCEPTABLE
137,582,DEPT_SUPPORT,443,1000,582,6,SHORT
138,1214,DEPT_SALES,1296,900,1214,9,SHORT
139,1178,DEPT_UPGRADE,317,1200,1178,7,SHORT
140,1074,DEPT_SALES,523,1200,1074,4,ACCEPTABLE
141,3,DEPT_CANCEL,497,1000,3,9,SHORT
142,967,DEPT_UPGRADE,960,1000,967,8,ACCEPTABLE
143,634,DEPT_SUPPORT,287,1000,634,5,EXCESSIVE
144,404,DEPT_MAIN,123,1000,404,6,ACCEPTABLE
145,461,DEPT_MAIN,1165,1000,461,6,ACCEPTABLE
146,833,DEPT_SALES,277,900,833,1,SHORT
147,763,DEPT_CANCEL,49,1000,763,1,EXCESSIVE
148,875,DEPT_UPGRADE,1028,900,875,4,SHORT
149,510,DEPT_UPGRADE,559,1000,510,4,EXCESSIVE
150,837,DEPT_CANCEL,318,1200,837,8,ACCEPTABLE
151,976,DEPT_UPGRADE,132,900,976,5,ACCEPTABLE
152,1005,DEPT_CANCEL,1154,1200,1005,6,ACCEPTABLE
153,1334,DEPT_MAIN,469,900,1334,3,ACCEPTABLE
154,1089,DEPT_SUPPORT,1147,1200,1089,9,EXCESSIVE
155,418,DEPT_SALES,1385,900,418,8,ACCEPTABLE
156,1163,DEPT_SUPPORT,815,1200,1163,6,EXCESSIVE
157,1308,DEPT_MAIN,336,900,1308,4,ACCEPTABLE
158,370,DEPT_SALES,477,1200,370,2,EXCESSIVE
159,1217,DEPT_SALES,597,1000,1217,4,ACCEPTABLE
160,413,DEPT_SUPPORT,1344,1200,413,8,ACCEPTABLE
161,718,DEPT_UPGRADE,615,900,718,5,EXCESSIVE
162,623,DEPT_CANCEL,1380,900,623,4,ACCEPTABLE
163,1182,DEPT_SALES,80,1000,1182,8,EXCESSIVE
164,223,DEPT_SALES,1136,1200,223,3,EXCESSIVE
165,408,DEPT_SALES,705,1200,408,5,SHORT
166,1080,DEPT_UPGRADE,879,900,1080,4,SHORT
167,1186,DEPT_SALES,1383,1200,1186,8,ACCEPTABLE
168,628,DEPT_UPGRADE,736,1000,628,6,SHORT
169,1283,DEPT_UPGRADE,1132,900,1283,2,EXCESSIVE
170,150,DEPT_CANCEL,957,1200,150,1,EXCESSIVE
171,864,DEPT_SUPPORT,1118,1200,864,6,SHORT
172,488,DEPT_MAIN,718,1200,488,9,SHORT
173,93,DEPT_CANCEL,168,1200,93,2,ACCEPTABLE
174,1250,DEPT_SUPPORT,502,1200,1250,8,ACCEPTABLE
175,920,DEPT_CANCEL,930,900,920,5,ACCEPTABLE
176,331,DEPT_CANCEL,1317,900,331,8,SHORT
177,532,DEPT_SUPPORT,395,1200,532,7,SHORT
178,1322,DEPT_UPGRADE,759,1000,1322,3,EXCESSIVE
179,1399,DEPT_UPGRADE,1164,900,1399,9,ACCEPTABLE
180,82,DEPT_UPGRADE,664,1200,82,3,SHORT
181,837,DEPT_MAIN,358,1000,837,8,ACCEPTABLE
182,151,DEPT_SALES,838,900,151,8,EXCESSIVE
183,116,DEPT_CANCEL,66,1200,116,1,SHORT
184,1249,DEPT_SUPPORT,19,1000,1249,5,ACCEPTABLE
185,1141,DEPT_MAIN,700,900,1141,2,EXCESSIVE
186,1375,DEPT_UPGRADE,401,1000,1375,4,ACCEPTABLE
187,922,DEPT_MAIN,1398,900,922,1,ACCEPTABLE
188,1161,DEPT_CANCEL,287,1200,1161,6,SHORT
189,141,DEPT_SUPPORT,20,1000,141,9,ACCEPTABLE
190,736,DEPT_SUPPORT,69,900,736,6,SHORT
191,201,DEPT_MAIN,1283,900,201,2,SHORT
192,55,DEPT_MAIN,48,1000,55,1,EXCESSIVE
193,455,DEPT_MAIN,64,1000,455,1,ACCEPTABLE
194,749,DEPT_SUPPORT,874,1000,749,6,ACCEPTABLE
195,848,DEPT_UPGRADE,633,1200,848,7,EXCESSIVE
196,657,DEPT_SUPPORT,170,900,657,7,SHORT
197,454,DEPT_MAIN,1335,1000,454,6,EXCESSIVE
198,1261,DEPT_MAIN,1300,1200,1261,1,SHORT
199,72,DEPT_UPGRADE,1036,1200,72,9,SHORT
200,712,DEPT_UPGRADE,1261,1000,712,7,SHORT
201,391,DEPT_MAIN,470,1000,391,5,SHORT
202,1185,DEPT_CANCEL,867,1000,1185,4,EXCESSIVE
203,722,DEPT_CANCEL,775,1200,722,3,SHORT
204,214,DEPT_MAIN,5,900,214,5,SHORT
205,194,DEPT_MAIN,514,1200,194,2,SHORT
206,1059,DEPT_SALES,944,1000,1059,4,SHORT
207,982,DEPT_UPGRADE,54,1000,982,7,SHORT
208,1159,DEPT_SALES,1035,1000,1159,3,EXCESSIVE
209,65,DEPT_CANCEL,159,1200,65,7,SHORT
210,1247,DEPT_MAIN,550,900,1247,9,SHORT
211,250,DEPT_MAIN,308,1000,250,9,EXCESSIVE
212,1200,DEPT_SALES,67,1000,1200,7,ACCEPTABLE
213,488,DEPT_MAIN,237,1200,488,9,SHORT
214,177,DEPT_SALES,1112,1000,177,8,EXCESSIVE
215,1017,DEPT_UPGRADE,1211,1200,1017,3,SHORT
216,852,DEPT_SUPPORT,599,1000,852,2,EXCESSIVE
217,1332,DEPT_UPGRADE,1337,900,1332,3,ACCEPTABLE
218,1245,DEPT_SUPPORT,836,1200,1245,3,ACCEPTABLE
219,357,DEPT_UPGRADE,144,1000,357,2,ACCEPTABLE
220,764,DEPT_SALES,327,900,764,8,EXCESSIVE
221,429,DEPT_SUPPORT,77,1200,429,5,ACCEPTABLE
222,1281,DEPT_MAIN,1003,1200,1281,9,SHORT
223,735,DEPT_SUPPORT,652,1000,735,9,EXCESSIVE
224,911,DEPT_MAIN,175,1000,911,3,EXCESSIVE
225,820,DEPT_CANCEL,1349,1000,820,9,SHORT
226,1319,DEPT_SALES,503,900,1319,6,SHORT
227,270,DEPT_UPGRADE,696,1000,270,7,ACCEPTABLE
228,1228,DEPT_MAIN,258,1200,1228,8,SHORT
229,251,DEPT_UPGRADE,321,1000,251,3,EXCESSIVE
230,535,DEPT_UPGRADE,1199,1000,535,9,ACCEPTABLE
231,1162,DEPT_CANCEL,1265,1200,1162,5,EXCESSIVE
232,319,DEPT_MAIN,1195,1200,319,1,SHORT
233,104,DEPT_UPGRADE,920,1200,104,6,EXCESSIVE
234,202,DEPT_SALES,1177,1000,202,8,ACCEPTABLE
235,47,DEPT_SUPPORT,1117,1000,47,7,ACCEPTABLE
236,1112,DEPT_MAIN,107,900,1112,8,EXCESSIVE
237,135,DEPT_UPGRADE,392,1000,135,3,SHORT
238,385,DEPT_SALES,728,1200,385,2,ACCEPTABLE
239,1233,DEPT_SUPPORT,17,1200,1233,6,ACCEPTABLE
240,1331,DEPT_SALES,918,1000,1331,7,EXCESSIVE
241,874,DEPT_SUPPORT,689,1000,874,4,EXCESSIVE
242,1087,DEPT_SALES,839,1000,1087,9,SHORT
243,705,DEPT_SALES,42,1200,705,6,SHORT
244,1110,DEPT_SALES,1181,1200,1110,6,EXCESSIVE
245,865,DEPT_CANCEL,1109,1000,865,9,EXCESSIVE
246,1332,DEPT_MAIN,1379,1000,1332,3,ACCEPTABLE
247,1173,DEPT_UPGRADE,844,900,1173,9,ACCEPTABLE
248,829,DEPT_MAIN,174,1000,829,5,EXCESSIVE
249,1155,DEPT_CANCEL,615,1000,1155,5,ACCEPTABLE
250,1268,DEPT_UPGRADE,711,1000,1268,3,ACCEPTABLE
251,721,DEPT_UPGRADE,926,1200,721,1,ACCEPTABLE
252,911,DEPT_UPGRADE,1345,1000,911,3,EXCESSIVE
253,891,DEPT_CANCEL,655,1200,891,8,EXCESSIVE
254,599,DEPT_CANCEL,1255,1000,599,4,EXCESSIVE
255,1352,DEPT_SUPPORT,364,900,1352,6,SHORT
256,92,DEPT_MAIN,62,900,92,7,SHORT
257,705,DEPT_CANCEL,634,1200,705,6,SHORT
258,1198,DEPT_SALES,244,1000,1198,7,ACCEPTABLE
259,581,DEPT_SUPPORT,1039,1200,581,6,EXCESSIVE
260,513,DEPT_UPGRADE,1137,1000,513,9,SHORT
261,800,DEPT_SALES,1013,1200,800,8,SHORT
262,599,DEPT_SUPPORT,1018,1000,599,4,EXCESSIVE
263,315,DEPT_CANCEL,223,1200,315,4,EXCESSIVE
264,292,DEPT_SUPPORT,1370,1200,292,4,EXCESSIVE
265,1155,DEPT_SALES,1388,1200,1155,5,ACCEPTABLE
266,499,DEPT_CANCEL,810,1200,499,5,SHORT
267,1256,DEPT_CANCEL,271,1000,1256,8,EXCESSIVE
268,351,DEPT_CANCEL,764,1000,351,5,SHORT
269,879,DEPT_SUPPORT,143,1000,879,9,SHORT
270,297,DEPT_CANCEL,309,1200,297,3,EXCESSIVE
271,1097,DEPT_CANCEL,263,1000,1097,9,SHORT
272,1243,DEPT_SALES,980,900,1243,9,ACCEPTABLE
273,50,DEPT_UPGRADE,833,1200,50,5,ACCEPTABLE
274,1072,DEPT_UPGRADE,554,1000,1072,9,ACCEPTABLE
275,34,DEPT_CANCEL,907,1200,34,5,SHORT
276,1083,DEPT_SALES,132,900,1083,7,SHORT
277,1073,DEPT_CANCEL,997,1000,1073,8,SHORT
278,311,DEPT_SUPPORT,1272,1200,311,2,SHORT
279,362,DEPT_MAIN,415,900,362,7,ACCEPTABLE
280,316,DEPT_CANCEL,1021,1200,316,9,ACCEPTABLE
281,541,DEPT_SUPPORT,890,1200,541,3,ACCEPTABLE
282,188,DEPT_SUPPORT,101,900,188,9,EXCESSIVE
283,655,DEPT_SALES,748,1000,655,3,SHORT
284,250,DEPT_SALES,1172,1200,250,9,EXCESSIVE
285,728,DEPT_SUPPORT,451,1200,728,5,ACCEPTABLE
286,567,DEPT_SALES,1244,1200,567,5,SHORT
287,1219,DEPT_UPGRADE,424,1000,1219,7,EXCESSIVE
288,83,DEPT_CANCEL,373,1200,83,3,ACCEPTABLE
289,910,DEPT_UPGRADE,604,1200,910,7,EXCESSIVE
290,951,DEPT_CANCEL,662,1000,951,9,EXCESSIVE
291,912,DEPT_SALES,1241,1200,912,1,ACCEPTABLE
292,639,DEPT_SUPPORT,248,1200,639,6,ACCEPTABLE
293,1239,DEPT_SALES,346,1200,1239,4,ACCEPTABLE
294,870,DEPT_CANCEL,1310,1000,870,5,SHORT
295,1035,DEPT_SUPPORT,691,1200,1035,6,ACCEPTABLE
296,622,DEPT_CANCEL,1031,1200,622,2,SHORT
297,367,DEPT_SALES,714,1000,367,5,EXCESSIVE
298,513,DEPT_UPGRADE,819,1200,513,9,SHORT
299,862,DEPT_SUPPORT,33,1200,862,5,ACCEPTABLE
300,324,DEPT_SALES,1221,1200,324,2,EXCESSIVE
301,911,DEPT_CANCEL,199,1200,911,3,EXCESSIVE
302,1108,DEPT_UPGRADE,838,1200,1108,8,EXCESSIVE
303,21,DEPT_MAIN,774,1200,21,5,SHORT
304,984,DEPT_SALES,1202,1200,984,5,ACCEPTABLE
305,71,DEPT_CANCEL,1233,900,71,7,SHORT
306,198,DEPT_UPGRADE,1318,1000,198,4,SHORT
307,734,DEPT_MAIN,1077,900,734,5,SHORT
308,531,DEPT_SALES,644,1200,531,4,EXCESSIVE
309,1128,DEPT_SALES,858,1000,1128,5,SHORT
310,726,DEPT_SUPPORT,184,1200,726,7,EXCESSIVE
311,3,DEPT_UPGRADE,521,900,3,9,SHORT
312,240,DEPT_CANCEL,1165,1000,240,2,SHORT
313,472,DEPT_UPGRADE,617,900,472,4,ACCEPTABLE
314,755,DEPT_CANCEL,88,1200,755,5,ACCEPTABLE
315,1082,DEPT_CANCEL,751,900,1082,9,SHORT
316,397,DEPT_SUPPORT,522,1000,397,6,EXCESSIVE
317,950,DEPT_UPGRADE,127,1200,950,1,EXCESSIVE
318,655,DEPT_SALES,1371,1200,655,3,SHORT
319,1279,DEPT_UPGRADE,446,1000,1279,8,EXCESSIVE
320,221,DEPT_UPGRADE,457,1000,221,4,EXCESSIVE
321,492,DEPT_CANCEL,436,900,492,7,ACCEPTABLE
322,520,DEPT_CANCEL,1228,1200,520,2,EXCESSIVE
323,925,DEPT_SALES,1216,1000,925,9,SHORT
324,163,DEPT_CANCEL,563,1000,163,8,ACCEPTABLE
325,935,DEPT_SALES,633,1200,935,7,ACCEPTABLE
326,1141,DEPT_SALES,637,1000,1141,2,EXCESSIVE
327,869,DEPT_MAIN,1332,900,869,1,ACCEPTABLE
328,692,DEPT_SUPPORT,852,900,692,2,SHORT
329,629,DEPT_UPGRADE,172,1200,629,6,SHORT
330,1393,DEPT_SUPPORT,227,1000,1393,1,SHORT
331,692,DEPT_UPGRADE,306,1000,692,2,SHORT
332,766,DEPT_SUPPORT,456,1000,766,6,SHORT
333,1242,DEPT_SUPPORT,488,900,1242,3,EXCESSIVE
334,224,DEPT_CANCEL,1052,1000,224,7,ACCEPTABLE
335,57,DEPT_MAIN,911,1000,57,4,SHORT
336,634,DEPT_MAIN,1268,900,634,5,EXCESSIVE
337,1010,DEPT_UPGRADE,1371,1000,1010,3,SHORT
338,142,DEPT_UPGRADE,1077,900,142,9,EXCESSIVE
339,973,DEPT_CANCEL,1259,1000,973,4,ACCEPTABLE
340,1234,DEPT_CANCEL,198,900,1234,4,SHORT
341,949,DEPT_UPGRADE,1009,1200,949,8,ACCEPTABLE
342,326,DEPT_SALES,18,1000,326,8,EXCESSIVE
343,1047,DEPT_CANCEL,1133,1200,1047,6,ACCEPTABLE
344,1306,DEPT_UPGRADE,1184,1200,1306,9,EXCESSIVE
345,1001,DEPT_SALES,127,1200,1001,1,EXCESSIVE
346,68,DEPT_CANCEL,673,1000,68,3,EXCESSIVE
347,1276,DEPT_MAIN,793,1000,1276,7,EXCESSIVE
348,407,DEPT_MAIN,862,1000,407,2,SHORT
349,16,DEPT_UPGRADE,955,1000,16,4,ACCEPTABLE
350,272,DEPT_SALES,358,900,272,4,SHORT
351,33,DEPT_MAIN,575,1000,33,5,EXCESSIVE
352,481,DEPT_SALES,785,900,481,3,EXCESSIVE
353,1384,DEPT_MAIN,117,1200,1384,9,ACCEPTABLE
354,515,DEPT_CANCEL,134,1200,515,5,ACCEPTABLE
355,606,DEPT_SUPPORT,1115,1200,606,1,ACCEPTABLE
356,635,DEPT_MAIN,307,900,635,6,ACCEPTABLE
357,325,DEPT_SUPPORT,599,1200,325,8,EXCESSIVE
358,218,DEPT_SUPPORT,114,900,218,9,ACCEPTABLE
359,510,DEPT_SUPPORT,280,1000,510,4,EXCESSIVE
360,526,DEPT_CANCEL,63,1200,526,7,ACCEPTABLE
361,573,DEPT_CANCEL,133,1000,573,9,ACCEPTABLE
362,382,DEPT_MAIN,309,1000,382,7,SHORT
363,195,DEPT_MAIN,967,900,195,8,SHORT
364,668,DEPT_UPGRADE,989,1200,668,5,ACCEPTABLE
365,128,DEPT_MAIN,765,1200,128,9,EXCESSIVE
366,665,DEPT_SALES,1306,1000,665,6,EXCESSIVE
367,346,DEPT_SUPPORT,739,1000,346,8,SHORT
368,743,DEPT_SUPPORT,78,900,743,1,SHORT
369,424,DEPT_SUPPORT,323,1000,424,3,EXCESSIVE
370,781,DEPT_SUPPORT,345,900,781,5,SHORT
371,846,DEPT_CANCEL,1162,1200,846,4,ACCEPTABLE
372,780,DEPT_SUPPORT,60,1200,780,8,ACCEPTABLE
373,556,DEPT_SUPPORT,127,1200,556,5,SHORT
374,567,DEPT_MAIN,945,900,567,5,SHORT
375,1346,DEPT_CANCEL,1286,1200,1346,8,SHORT
376,609,DEPT_SUPPORT,1371,900,609,3,ACCEPTABLE
377,39,DEPT_MAIN,1235,1000,39,8,SHORT
378,376,DEPT_SALES,747,1000,376,8,SHORT
379,733,DEPT_CANCEL,475,1000,733,1,SHORT
380,171,DEPT_UPGRADE,507,1000,171,4,ACCEPTABLE
381,1296,DEPT_SALES,357,1200,1296,4,ACCEPTABLE
382,831,DEPT_SALES,1360,1200,831,4,ACCEPTABLE
383,535,DEPT_SALES,519,1200,535,9,ACCEPTABLE
384,1043,DEPT_UPGRADE,1340,1200,1043,7,EXCESSIVE
385,674,DEPT_MAIN,354,1000,674,4,ACCEPTABLE
386,526,DEPT_UPGRADE,180,900,526,7,ACCEPTABLE
387,439,DEPT_SALES,1012,1200,439,2,ACCEPTABLE
388,1382,DEPT_UPGRADE,848,1000,1382,4,ACCEPTABLE
389,721,DEPT_MAIN,186,1000,721,1,ACCEPTABLE
390,1031,DEPT_SUPPORT,340,1200,1031,6,SHORT
391,1330,DEPT_SALES,202,1000,1330,2,ACCEPTABLE
392,1170,DEPT_MAIN,315,1000,1170,7,ACCEPTABLE
393,196,DEPT_MAIN,682,1200,196,1,EXCESSIVE
394,283,DEPT_CANCEL,1227,1200,283,1,ACCEPTABLE
395,1242,DEPT_MAIN,129,1200,1242,3,EXCESSIVE
396,398,DEPT_CANCEL,665,1000,398,5,EXCESSIVE
397,13,DEPT_UPGRADE,647,1000,13,4,ACCEPTABLE
398,1278,DEPT_CANCEL,117,1000,1278,3,EXCESSIVE
399,1168,DEPT_CANCEL,1311,1000,1168,6,SHORT
400,275,DEPT_MAIN,846,900,275,8,ACCEPTABLE
401,1125,DEPT_CANCEL,1196,900,1125,1,SHORT
402,136,DEPT_CANCEL,1329,1200,136,2,ACCEPTABLE
403,1252,DEPT_MAIN,246,900,1252,3,ACCEPTABLE
404,250,DEPT_SUPPORT,494,1000,250,9,EXCESSIVE
405,214,DEPT_UPGRADE,1113,900,214,5,SHORT
406,702,DEPT_SALES,451,1200,702,1,SHORT
407,978,DEPT_CANCEL,748,1200,978,6,ACCEPTABLE
408,886,DEPT_CANCEL,945,1200,886,2,EXCESSIVE
409,1070,DEPT_UPGRADE,784,900,1070,4,SHORT
410,1038,DEPT_CANCEL,461,1200,1038,4,EXCESSIVE
411,1329,DEPT_MAIN,1143,1000,1329,8,SHORT
412,1003,DEPT_MAIN,595,900,1003,3,ACCEPTABLE
413,437,DEPT_MAIN,1358,1200,437,6,SHORT
414,726,DEPT_SALES,1255,900,726,7,EXCESSIVE
415,700,DEPT_SUPPORT,233,1000,700,3,SHORT
416,479,DEPT_SUPPORT,286,1200,479,7,EXCESSIVE
417,959,DEPT_SALES,52,1000,959,6,EXCESSIVE
418,698,DEPT_SALES,856,900,698,6,ACCEPTABLE
419,236,DEPT_SUPPORT,130,900,236,7,EXCESSIVE
420,1025,DEPT_MAIN,645,1000,1025,2,EXCESSIVE
421,539,DEPT_MAIN,682,1000,539,1,ACCEPTABLE
422,883,DEPT_MAIN,780,1200,883,4,ACCEPTABLE
423,1333,DEPT_UPGRADE,0,900,1333,1,SHORT
424,861,DEPT_SUPPORT,208,900,861,8,ACCEPTABLE
425,814,DEPT_UPGRADE,1255,1200,814,3,EXCESSIVE
426,1104,DEPT_SUPPORT,1186,1000,1104,7,ACCEPTABLE
427,196,DEPT_MAIN,787,1200,196,1,EXCESSIVE
428,528,DEPT_MAIN,22,1200,528,7,ACCEPTABLE
429,655,DEPT_UPGRADE,263,900,655,3,SHORT
430,1137,DEPT_MAIN,338,1000,1137,1,SHORT
431,310,DEPT_UPGRADE,376,900,310,8,EXCESSIVE
432,458,DEPT_UPGRADE,1360,1000,458,9,SHORT
433,326,DEPT_SALES,882,1200,326,8,EXCESSIVE
434,376,DEPT_MAIN,163,1200,376,8,SHORT
435,1003,DEPT_UPGRADE,115,900,1003,3,ACCEPTABLE
436,662,DEPT_CANCEL,682,1000,662,4,ACCEPTABLE
437,817,DEPT_UPGRADE,629,1200,817,5,ACCEPTABLE
438,678,DEPT_UPGRADE,359,1000,678,5,SHORT
439,719,DEPT_SUPPORT,1210,1200,719,9,SHORT
440,1201,DEPT_CANCEL,1158,900,1201,8,SHORT
441,541,DEPT_SALES,567,1000,541,3,ACCEPTABLE
442,1251,DEPT_SALES,1237,1000,1251,3,ACCEPTABLE
443,499,DEPT_MAIN,968,900,499,5,SHORT
444,1319,DEPT_UPGRADE,970,1000,1319,6,SHORT
445,1128,DEPT_SALES,322,900,1128,5,SHORT
446,336,DEPT_SALES,710,1000,336,7,SHORT
447,1258,DEPT_MAIN,1183,1000,1258,3,ACCEPTABLE
448,798,DEPT_UPGRADE,2,900,798,7,SHORT
449,721,DEPT_SUPPORT,684,900,721,1,ACCEPTABLE
450,172,DEPT_SUPPORT,553,1200,172,9,SHORT
451,1034,DEPT_UPGRADE,466,1000,1034,3,SHORT
452,1334,DEPT_SALES,1329,1000,1334,3,ACCEPTABLE
453,731,DEPT_SALES,996,1000,731,8,ACCEPTABLE
454,1285,DEPT_SALES,876,900,1285,9,EXCESSIVE
455,522,DEPT_MAIN,303,1200,522,2,SHORT
456,54,DEPT_SALES,898,1200,54,4,ACCEPTABLE
457,1198,DEPT_MAIN,1051,900,1198,7,ACCEPTABLE
458,1101,DEPT_CANCEL,491,1000,1101,9,EXCESSIVE
459,300,DEPT_SUPPORT,279,1200,300,4,ACCEPTABLE
460,952,DEPT_CANCEL,392,1200,952,8,SHORT
461,1207,DEPT_SALES,644,1200,1207,8,SHORT
462,643,DEPT_MAIN,1233,1000,643,2,EXCESSIVE
463,1052,DEPT_UPGRADE,731,1200,1052,8,EXCESSIVE
464,152,DEPT_SALES,161,1000,152,3,ACCEPTABLE
465,1045,DEPT_SUPPORT,496,1200,1045,9,ACCEPTABLE
466,1299,DEPT_CANCEL,945,1000,1299,2,SHORT
467,1061,DEPT_UPGRADE,1120,1200,1061,1,SHORT
468,1085,DEPT_UPGRADE,133,900,1085,2,EXCESSIVE
469,1087,DEPT_UPGRADE,416,1000,1087,9,SHORT
470,521,DEPT_UPGRADE,1261,900,521,3,EXCESSIVE
471,660,DEPT_SALES,695,900,660,3,SHORT
472,1026,DEPT_SUPPORT,710,1200,1026,6,SHORT
473,1322,DEPT_MAIN,131,1000,1322,3,EXCESSIVE
474,805,DEPT_SALES,1357,1200,805,2,SHORT
475,341,DEPT_MAIN,129,1200,341,8,SHORT
476,1352,DEPT_MAIN,575,1200,1352,6,SHORT
477,34,DEPT_SUPPORT,929,1000,34,5,SHORT
478,527,DEPT_UPGRADE,864,1200,527,4,SHORT
479,1151,DEPT_SUPPORT,1161,1000,1151,5,SHORT
480,270,DEPT_MAIN,990,1000,270,7,ACCEPTABLE
481,804,DEPT_MAIN,1256,1000,804,6,ACCEPTABLE
482,1062,DEPT_SALES,743,900,1062,2,EXCESSIVE
483,294,DEPT_CANCEL,648,1000,294,5,SHORT
484,1391,DEPT_UPGRADE,1291,1200,1391,2,SHORT
485,476,DEPT_SUPPORT,664,1200,476,8,EXCESSIVE
486,674,DEPT_SUPPORT,749,900,674,4,ACCEPTABLE
487,1054,DEPT_UPGRADE,278,1200,1054,1,SHORT
488,990,DEPT_UPGRADE,651,900,990,3,SHORT
489,954,DEPT_CANCEL,237,1200,954,8,SHORT
490,863,DEPT_SALES,231,1200,863,7,SHORT
491,613,DEPT_SUPPORT,827,1000,613,1,EXCESSIVE
492,29,DEPT_MAIN,698,1200,29,6,EXCESSIVE
493,1343,DEPT_SALES,603,1200,1343,7,EXCESSIVE
494,77,DEPT_CANCEL,675,1200,77,1,SHORT
495,876,DEPT_MAIN,1249,1200,876,5,EXCESSIVE
496,2,DEPT_SUPPORT,1086,900,2,6,ACCEPTABLE
497,754,DEPT_UPGRADE,615,1200,754,2,EXCESSIVE
498,38,DEPT_CANCEL,693,900,38,6,ACCEPTABLE
499,214,DEPT_MAIN,95,1200,214,5,SHORT
500,410,DEPT_SUPPORT,856,900,410,7,EXCESSIVE
501,1109,DEPT_SUPPORT,1078,1200,1109,3,EXCESSIVE
502,1271,DEPT_MAIN,819,1200,1271,2,ACCEPTABLE
503,144,DEPT_SALES,1377,1200,144,9,SHORT
504,985,DEPT_CANCEL,1037,1000,985,4,ACCEPTABLE
505,95,DEPT_UPGRADE,1092,1200,95,9,SHORT
506,668,DEPT_SUPPORT,208,900,668,5,ACCEPTABLE
507,898,DEPT_UPGRADE,1331,1200,898,8,EXCESSIVE
508,1155,DEPT_SUPPORT,975,1200,1155,5,ACCEPTABLE
509,699,DEPT_MAIN,1189,900,699,2,ACCEPTABLE
510,762,DEPT_MAIN,992,1200,762,9,ACCEPTABLE
511,882,DEPT_CANCEL,331,900,882,6,SHORT
512,1141,DEPT_SALES,756,1000,1141,2,EXCESSIVE
513,608,DEPT_MAIN,1239,1200,608,5,EXCESSIVE
514,781,DEPT_SUPPORT,1198,1000,781,5,SHORT
515,73,DEPT_SUPPORT,618,1200,73,2,ACCEPTABLE
516,1341,DEPT_SUPPORT,219,900,1341,3,EXCESSIVE
517,1379,DEPT_SUPPORT,724,1000,1379,7,EXCESSIVE
518,438,DEPT_SALES,1169,900,438,2,ACCEPTABLE
519,510,DEPT_CANCEL,273,900,510,4,EXCESSIVE
520,789,DEPT_UPGRADE,173,1000,789,1,EXCESSIVE
521,1305,DEPT_SUPPORT,28,900,1305,3,EXCESSIVE
522,81,DEPT_UPGRADE,971,1200,81,5,ACCEPTABLE
523,564,DEPT_UPGRADE,1085,1000,564,5,ACCEPTABLE
524,1005,DEPT_MAIN,14,1200,1005,6,ACCEPTABLE
525,656,DEPT_SALES,465,1200,656,5,EXCESSIVE
526,14,DEPT_MAIN,662,1000,14,9,ACCEPTABLE
527,630,DEPT_MAIN,908,900,630,2,SHORT
528,210,DEPT_SUPPORT,1098,900,210,3,SHORT
529,1235,DEPT_MAIN,288,1000,1235,3,EXCESSIVE
530,387,DEPT_CANCEL,565,900,387,9,SHORT
531,469,DEPT_SUPPORT,61,900,469,8,SHORT
532,765,DEPT_MAIN,119,1200,765,5,SHORT
533,666,DEPT_CANCEL,717,1000,666,2,SHORT
534,422,DEPT_SALES,950,1000,422,3,ACCEPTABLE
535,951,DEPT_CANCEL,322,1000,951,9,EXCESSIVE
536,113,DEPT_CANCEL,142,900,113,9,SHORT
537,968,DEPT_SUPPORT,188,1000,968,9,EXCESSIVE
538,329,DEPT_SALES,227,1000,329,4,SHORT
539,202,DEPT_SUPPORT,208,1000,202,8,ACCEPTABLE
540,798,DEPT_SALES,745,1000,798,7,SHORT
541,273,DEPT_SALES,1160,1000,273,2,EXCESSIVE
542,900,DEPT_CANCEL,92,1200,900,6,ACCEPTABLE
543,556,DEPT_SALES,1314,1200,556,5,SHORT
544,658,DEPT_MAIN,1109,900,658,7,EXCESSIVE
545,1323,DEPT_SUPPORT,2,1000,1323,3,SHORT
546,911,DEPT_CANCEL,340,1200,911,3,EXCESSIVE
547,37,DEPT_UPGRADE,1218,900,37,7,ACCEPTABLE
548,389,DEPT_CANCEL,1285,1200,389,7,EXCESSIVE
549,1365,DEPT_MAIN,1379,1200,1365,8,EXCESSIVE
550,391,DEPT_SALES,480,1200,391,5,SHORT
551,445,DEPT_UPGRADE,1389,1200,445,6,ACCEPTABLE
552,1385,DEPT_UPGRADE,656,1200,1385,1,SHORT
553,793,DEPT_SUPPORT,507,1000,793,1,ACCEPTABLE
554,1387,DEPT_MAIN,668,900,1387,2,EXCESSIVE
555,28,DEPT_SUPPORT,128,1200,28,3,SHORT
556,231,DEPT_CANCEL,690,1200,231,5,ACCEPTABLE
557,347,DEPT_UPGRADE,1103,1200,347,7,ACCEPTABLE
558,434,DEPT_MAIN,603,1200,434,8,ACCEPTABLE
559,505,DEPT_SALES,494,1000,505,6,EXCESSIVE
560,21,DEPT_UPGRADE,1265,1200,21,5,SHORT
561,980,DEPT_MAIN,1042,1200,980,5,ACCEPTABLE
562,112,DEPT_UPGRADE,548,1200,112,2,ACCEPTABLE
563,235,DEPT_SUPPORT,829,1000,235,8,EXCESSIVE
564,744,DEPT_CANCEL,466,900,744,2,SHORT
565,58,DEPT_SALES,802,900,58,7,ACCEPTABLE
566,1309,DEPT_CANCEL,294,1000,1309,6,ACCEPTABLE
567,932,DEPT_MAIN,1042,1200,932,9,EXCESSIVE
568,618,DEPT_CANCEL,1255,1200,618,9,SHORT
569,1238,DEPT_UPGRADE,1049,1000,1238,8,ACCEPTABLE
570,74,DEPT_CANCEL,283,1000,74,9,ACCEPTABLE
571,601,DEPT_SUPPORT,774,900,601,3,EXCESSIVE
572,916,DEPT_CANCEL,985,1200,916,4,EXCESSIVE
573,400,DEPT_CANCEL,245,1000,400,6,SHORT
574,154,DEPT_MAIN,291,1000,154,5,ACCEPTABLE
575,8,DEPT_UPGRADE,1187,1200,8,1,SHORT
576,269,DEPT_SALES,1355,900,269,5,EXCESSIVE
577,456,DEPT_SALES,740,1000,456,4,SHORT
578,1299,DEPT_MAIN,1066,1000,1299,2,SHORT
579,981,DEPT_SALES,1379,1200,981,4,SHORT
580,225,DEPT_SALES,1039,900,225,1,ACCEPTABLE
581,1373,DEPT_MAIN,169,1000,1373,3,ACCEPTABLE
582,618,DEPT_MAIN,267,1200,618,9,SHORT
583,868,DEPT_SUPPORT,250,900,868,5,ACCEPTABLE
584,642,DEPT_CANCEL,683,1200,642,6,EXCESSIVE
585,2,DEPT_CANCEL,1252,1000,2,6,ACCEPTABLE
586,1287,DEPT_SALES,819,900,1287,6,SHORT
587,377,DEPT_UPGRADE,616,1200,377,1,EXCESSIVE
588,6,DEPT_UPGRADE,655,900,6,3,SHORT
589,598,DEPT_CANCEL,333,1000,598,1,SHORT
590,662,DEPT_SUPPORT,317,1000,662,4,ACCEPTABLE
591,909,DEPT_MAIN,565,1000,909,3,SHORT
592,2,DEPT_SALES,310,900,2,6,ACCEPTABLE
593,881,DEPT_SUPPORT,288,1000,881,4,ACCEPTABLE
594,1194,DEPT_UPGRADE,1011,1000,1194,2,SHORT
595,623,DEPT_SALES,131,1200,623,4,ACCEPTABLE
596,383,DEPT_MAIN,601,1200,383,7,EXCESSIVE
597,934,DEPT_CANCEL,1373,1200,934,3,EXCESSIVE
598,249,DEPT_CANCEL,202,1000,249,5,SHORT
599,812,DEPT_SUPPORT,229,1200,812,4,EXCESSIVE
600,603,DEPT_MAIN,1005,1000,603,9,SHORT
601,960,DEPT_SUPPORT,1284,1000,960,2,SHORT
602,1280,DEPT_CANCEL,1335,1000,1280,6,SHORT
603,1355,DEPT_CANCEL,1130,1000,1355,1,ACCEPTABLE
604,1307,DEPT_MAIN,1315,900,1307,1,ACCEPTABLE
605,614,DEPT_SUPPORT,460,1200,614,7,ACCEPTABLE
606,431,DEPT_UPGRADE,970,1200,431,8,ACCEPTABLE
607,352,DEPT_SUPPORT,707,1000,352,1,EXCESSIVE
608,7,DEPT_SALES,1277,1000,7,6,ACCEPTABLE
609,1099,DEPT_SUPPORT,1116,900,1099,2,SHORT
610,852,DEPT_SUPPORT,350,1200,852,2,EXCESSIVE
611,896,DEPT_CANCEL,1006,1000,896,6,ACCEPTABLE
612,1383,DEPT_CANCEL,444,1000,1383,9,EXCESSIVE
613,310,DEPT_SUPPORT,1198,1200,310,8,EXCESSIVE
614,1142,DEPT_SUPPORT,559,1200,1142,5,ACCEPTABLE
615,246,DEPT_UPGRADE,642,900,246,8,EXCESSIVE
616,840,DEPT_CANCEL,1137,1200,840,4,EXCESSIVE
617,596,DEPT_SUPPORT,1155,1000,596,9,ACCEPTABLE
618,126,DEPT_SALES,880,1000,126,1,SHORT
619,472,DEPT_MAIN,753,900,472,4,ACCEPTABLE
620,1028,DEPT_CANCEL,1107,1000,1028,2,EXCESSIVE
621,561,DEPT_SALES,1171,1000,561,9,ACCEPTABLE
622,286,DEPT_CANCEL,973,900,286,1,ACCEPTABLE
623,1240,DEPT_MAIN,172,1000,1240,6,ACCEPTABLE
624,1239,DEPT_UPGRADE,262,1200,1239,4,ACCEPTABLE
625,231,DEPT_SALES,527,900,231,5,ACCEPTABLE
626,1022,DEPT_CANCEL,933,1000,1022,4,EXCESSIVE
627,1196,DEPT_MAIN,1179,1200,1196,8,EXCESSIVE
628,892,DEPT_CANCEL,43,900,892,3,ACCEPTABLE
629,1123,DEPT_SALES,688,1000,1123,1,ACCEPTABLE
630,939,DEPT_SUPPORT,517,1200,939,9,ACCEPTABLE
631,20,DEPT_MAIN,485,1200,20,3,EXCESSIVE
632,1225,DEPT_SALES,668,900,1225,5,ACCEPTABLE
633,1223,DEPT_UPGRADE,304,1200,1223,2,ACCEPTABLE
634,1323,DEPT_CANCEL,62,900,1323,3,SHORT
635,635,DEPT_CANCEL,442,1200,635,6,ACCEPTABLE
636,1350,DEPT_SALES,678,900,1350,7,ACCEPTABLE
637,18,DEPT_CANCEL,812,1200,18,2,SHORT
638,144,DEPT_SALES,854,1200,144,9,SHORT
639,1027,DEPT_SALES,877,900,1027,9,ACCEPTABLE
640,312,DEPT_SUPPORT,1310,1000,312,2,ACCEPTABLE
641,634,DEPT_MAIN,195,1000,634,5,EXCESSIVE
642,48,DEPT_MAIN,1191,900,48,5,EXCESSIVE
643,1066,DEPT_CANCEL,1254,1000,1066,7,EXCESSIVE
644,317,DEPT_MAIN,937,1200,317,6,EXCESSIVE
645,605,DEPT_SALES,676,900,605,2,SHORT
646,649,DEPT_SALES,313,1000,649,6,EXCESSIVE
647,35,DEPT_CANCEL,922,1000,35,8,SHORT
648,701,DEPT_UPGRADE,143,900,701,2,SHORT
649,1001,DEPT_CANCEL,215,1200,1001,1,EXCESSIVE
650,1125,DEPT_SUPPORT,612,1000,1125,1,SHORT
651,911,DEPT_MAIN,109,900,911,3,EXCESSIVE
652,545,DEPT_SUPPORT,546,1200,545,9,SHORT
653,731,DEPT_SUPPORT,1198,1200,731,8,ACCEPTABLE
654,902,DEPT_SUPPORT,626,1000,902,6,ACCEPTABLE
655,932,DEPT_MAIN,1283,1000,932,9,EXCESSIVE
656,678,DEPT_UPGRADE,1171,1000,678,5,SHORT
657,20,DEPT_UPGRADE,1117,1200,20,3,EXCESSIVE
658,1141,DEPT_SUPPORT,61,1000,1141,2,EXCESSIVE
659,1208,DEPT_SALES,636,900,1208,2,ACCEPTABLE
660,882,DEPT_MAIN,1176,1000,882,6,SHORT
661,269,DEPT_CANCEL,1196,1200,269,5,EXCESSIVE
662,272,DEPT_UPGRADE,876,900,272,4,SHORT
663,1160,DEPT_SUPPORT,719,1000,1160,8,ACCEPTABLE
664,1074,DEPT_MAIN,390,1000,1074,4,ACCEPTABLE
665,104,DEPT_CANCEL,369,1000,104,6,EXCESSIVE
666,1109,DEPT_CANCEL,336,1200,1109,3,EXCESSIVE
667,696,DEPT_CANCEL,1143,1200,696,9,SHORT
668,629,DEPT_MAIN,248,1200,629,6,SHORT
669,560,DEPT_SALES,512,1200,560,7,EXCESSIVE
670,592,DEPT_MAIN,1363,1200,592,8,ACCEPTABLE
671,836,DEPT_SALES,1187,1200,836,1,ACCEPTABLE
672,508,DEPT_SUPPORT,508,1200,508,2,EXCESSIVE
673,1259,DEPT_UPGRADE,133,1200,1259,7,EXCESSIVE
674,540,DEPT_MAIN,1116,1000,540,8,SHORT
675,635,DEPT_CANCEL,1181,900,635,6,ACCEPTABLE
676,671,DEPT_MAIN,626,1000,671,6,ACCEPTABLE
677,904,DEPT_SALES,289,1200,904,9,ACCEPTABLE
678,529,DEPT_SUPPORT,327,1000,529,9,EXCESSIVE
679,361,DEPT_MAIN,135,1000,361,8,SHORT
680,1078,DEPT_CANCEL,981,1200,1078,1,EXCESSIVE
681,1108,DEPT_CANCEL,474,1200,1108,8,EXCESSIVE
682,529,DEPT_CANCEL,136,1000,529,9,EXCESSIVE
683,128,DEPT_CANCEL,553,900,128,9,EXCESSIVE
684,1363,DEPT_CANCEL,459,1200,1363,7,SHORT
685,215,DEPT_CANCEL,1067,1000,215,2,EXCESSIVE
686,1235,DEPT_CANCEL,763,1000,1235,3,EXCESSIVE
687,970,DEPT_CANCEL,980,1200,970,4,SHORT
688,1346,DEPT_CANCEL,51,900,1346,8,SHORT
689,454,DEPT_UPGRADE,1058,1000,454,6,EXCESSIVE
690,806,DEPT_CANCEL,114,900,806,4,SHORT
691,5,DEPT_MAIN,493,1000,5,5,SHORT
692,137,DEPT_SALES,69,1200,137,1,EXCESSIVE
693,971,DEPT_MAIN,59,1000,971,6,SHORT
694,244,DEPT_CANCEL,1071,1000,244,8,SHORT
695,1110,DEPT_CANCEL,13,1000,1110,6,EXCESSIVE
696,234,DEPT_SUPPORT,616,1000,234,7,ACCEPTABLE
697,1337,DEPT_CANCEL,1346,1000,1337,9,EXCESSIVE
698,721,DEPT_UPGRADE,1111,900,721,1,ACCEPTABLE
699,588,DEPT_CANCEL,837,900,588,8,SHORT
700,1387,DEPT_SUPPORT,312,1000,1387,2,EXCESSIVE
701,682,DEPT_SALES,1362,1000,682,5,SHORT
702,565,DEPT_SALES,481,900,565,6,EXCESSIVE
703,707,DEPT_CANCEL,661,1000,707,9,ACCEPTABLE
704,119,DEPT_CANCEL,1256,1200,119,3,SHORT
705,357,DEPT_CANCEL,63,900,357,2,ACCEPTABLE
706,1388,DEPT_MAIN,1348,1000,1388,5,SHORT
707,1109,DEPT_SALES,1337,1200,1109,3,EXCESSIVE
708,1090,DEPT_SALES,1028,1000,1090,5,SHORT
709,608,DEPT_MAIN,201,1000,608,5,EXCESSIVE
710,510,DEPT_UPGRADE,739,1200,510,4,EXCESSIVE
711,1139,DEPT_MAIN,194,900,1139,7,ACCEPTABLE
712,1250,DEPT_MAIN,359,1000,1250,8,ACCEPTABLE
713,909,DEPT_CANCEL,1308,1200,909,3,SHORT
714,1046,DEPT_SUPPORT,708,900,1046,6,SHORT
715,1143,DEPT_SUPPORT,233,1000,1143,7,ACCEPTABLE
716,730,DEPT_CANCEL,736,1000,730,3,EXCESSIVE
717,1310,DEPT_SUPPORT,823,1200,1310,9,EXCESSIVE
718,656,DEPT_MAIN,121,1200,656,5,EXCESSIVE
719,136,DEPT_UPGRADE,936,1200,136,2,ACCEPTABLE
720,350,DEPT_CANCEL,1348,1000,350,9,ACCEPTABLE
721,287,DEPT_CANCEL,689,1000,287,5,EXCESSIVE
722,5,DEPT_SALES,377,1000,5,5,SHORT
723,845,DEPT_UPGRADE,1230,1000,845,4,SHORT
724,524,DEPT_MAIN,1339,1200,524,8,ACCEPTABLE
725,318,DEPT_MAIN,581,900,318,4,ACCEPTABLE
726,1013,DEPT_SUPPORT,200,1200,1013,3,ACCEPTABLE
727,1013,DEPT_SALES,1236,1000,1013,3,ACCEPTABLE
728,708,DEPT_SALES,789,900,708,6,SHORT
729,1329,DEPT_UPGRADE,737,900,1329,8,SHORT
730,402,DEPT_CANCEL,1320,1000,402,5,SHORT
731,664,DEPT_UPGRADE,1167,1200,664,7,SHORT
732,709,DEPT_CANCEL,834,1000,709,7,ACCEPTABLE
733,1146,DEPT_SUPPORT,53,1200,1146,6,SHORT
734,486,DEPT_MAIN,912,1000,486,8,EXCESSIVE
735,1201,DEPT_MAIN,662,900,1201,8,SHORT
736,457,DEPT_SUPPORT,1101,1200,457,5,ACCEPTABLE
737,902,DEPT_SUPPORT,219,1200,902,6,ACCEPTABLE
738,129,DEPT_SUPPORT,1170,1200,129,4,EXCESSIVE
739,571,DEPT_UPGRADE,813,1200,571,6,SHORT
740,1097,DEPT_UPGRADE,833,900,1097,9,SHORT
741,937,DEPT_SUPPORT,640,1000,937,5,SHORT
742,1322,DEPT_CANCEL,964,1200,1322,3,EXCESSIVE
743,361,DEPT_SALES,247,1000,361,8,SHORT
744,784,DEPT_SALES,28,1200,784,3,ACCEPTABLE
745,338,DEPT_CANCEL,210,1000,338,8,SHORT
746,106,DEPT_SUPPORT,1258,1000,106,7,EXCESSIVE
747,75,DEPT_CANCEL,1278,900,75,9,EXCESSIVE
748,97,DEPT_MAIN,1151,1000,97,3,SHORT
749,1057,DEPT_SALES,1034,1200,1057,9,ACCEPTABLE
750,1070,DEPT_SUPPORT,389,1000,1070,4,SHORT
751,1090,DEPT_MAIN,1098,1000,1090,5,SHORT
752,568,DEPT_SUPPORT,780,900,568,7,ACCEPTABLE
753,1251,DEPT_SUPPORT,1108,1000,1251,3,ACCEPTABLE
754,89,DEPT_MAIN,1030,900,89,2,EXCESSIVE
755,1280,DEPT_UPGRADE,680,900,1280,6,SHORT
756,136,DEPT_UPGRADE,1198,1200,136,2,ACCEPTABLE
757,1216,DEPT_SUPPORT,1273,900,1216,3,SHORT
758,1309,DEPT_MAIN,692,900,1309,6,ACCEPTABLE
759,704,DEPT_UPGRADE,185,1000,704,3,SHORT
760,1080,DEPT_UPGRADE,463,1000,1080,4,SHORT
761,567,DEPT_CANCEL,1061,1200,567,5,SHORT
762,152,DEPT_SALES,434,900,152,3,ACCEPTABLE
763,59,DEPT_SALES,1354,900,59,7,ACCEPTABLE
764,777,DEPT_SALES,3,1200,777,7,SHORT
765,325,DEPT_SUPPORT,8,900,325,8,EXCESSIVE
766,1126,DEPT_CANCEL,1039,1000,1126,6,SHORT
767,88,DEPT_SUPPORT,1089,900,88,6,SHORT
768,606,DEPT_SALES,376,1000,606,1,ACCEPTABLE
769,911,DEPT_SALES,1268,1200,911,3,EXCESSIVE
770,302,DEPT_SALES,792,1200,302,3,EXCESSIVE
771,868,DEPT_UPGRADE,113,900,868,5,ACCEPTABLE
772,1327,DEPT_SALES,984,900,1327,1,SHORT
773,653,DEPT_MAIN,263,900,653,4,SHORT
774,1,DEPT_MAIN,1250,1200,1,7,ACCEPTABLE
775,45,DEPT_MAIN,649,1200,45,8,SHORT
776,365,DEPT_CANCEL,957,900,365,3,SHORT
777,737,DEPT_SALES,457,1200,737,5,ACCEPTABLE
778,731,DEPT_SUPPORT,903,1200,731,8,ACCEPTABLE
779,588,DEPT_MAIN,27,1200,588,8,SHORT
780,409,DEPT_MAIN,876,1200,409,9,SHORT
781,1058,DEPT_MAIN,1324,1200,1058,7,ACCEPTABLE
782,247,DEPT_MAIN,438,900,247,6,EXCESSIVE
783,461,DEPT_MAIN,854,1200,461,6,ACCEPTABLE
784,107,DEPT_SALES,41,1000,107,8,SHORT
785,227,DEPT_CANCEL,145,1000,227,3,ACCEPTABLE
786,284,DEPT_SUPPORT,106,1000,284,3,EXCESSIVE
787,458,DEPT_UPGRADE,647,900,458,9,SHORT
788,151,DEPT_MAIN,1092,900,151,8,EXCESSIVE
789,986,DEPT_SUPPORT,1095,1000,986,9,EXCESSIVE
790,97,DEPT_SUPPORT,1178,1000,97,3,SHORT
791,892,DEPT_MAIN,645,1200,892,3,ACCEPTABLE
792,1146,DEPT_SALES,346,1200,1146,6,SHORT
793,1203,DEPT_UPGRADE,214,1200,1203,5,ACCEPTABLE
794,715,DEPT_UPGRADE,581,1200,715,6,ACCEPTABLE
795,779,DEPT_CANCEL,846,1200,779,5,ACCEPTABLE
796,128,DEPT_CANCEL,326,1200,128,9,EXCESSIVE
797,989,DEPT_UPGRADE,799,1000,989,8,EXCESSIVE
798,598,DEPT_SUPPORT,342,1000,598,1,SHORT
799,1199,DEPT_UPGRADE,1284,1200,1199,3,EXCESSIVE
800,620,DEPT_UPGRADE,734,1200,620,5,SHORT
801,713,DEPT_CANCEL,897,900,713,2,SHORT
802,1137,DEPT_MAIN,531,1200,1137,1,SHORT
803,283,DEPT_SUPPORT,1059,1000,283,1,ACCEPTABLE
804,633,DEPT_MAIN,387,1200,633,8,SHORT
805,1325,DEPT_CANCEL,849,1200,1325,8,ACCEPTABLE
806,503,DEPT_SUPPORT,984,1000,503,7,ACCEPTABLE
807,289,DEPT_CANCEL,212,1200,289,6,SHORT
808,72,DEPT_SUPPORT,673,1000,72,9,SHORT
809,802,DEPT_CANCEL,65,900,802,9,ACCEPTABLE
810,849,DEPT_CANCEL,1220,900,849,9,ACCEPTABLE
811,907,DEPT_MAIN,1010,900,907,8,EXCESSIVE
812,1166,DEPT_MAIN,1219,1000,1166,6,ACCEPTABLE
813,817,DEPT_SUPPORT,616,1000,817,5,ACCEPTABLE
814,579,DEPT_MAIN,918,900,579,7,SHORT
815,1040,DEPT_UPGRADE,1351,1000,1040,3,ACCEPTABLE
816,1163,DEPT_UPGRADE,618,1200,1163,6,EXCESSIVE
817,848,DEPT_MAIN,798,1000,848,7,EXCESSIVE
818,1276,DEPT_MAIN,837,1200,1276,7,EXCESSIVE
819,395,DEPT_SUPPORT,1034,900,395,8,SHORT
820,350,DEPT_SUPPORT,18,1000,350,9,ACCEPTABLE
821,629,DEPT_CANCEL,737,900,629,6,SHORT
822,795,DEPT_SUPPORT,877,900,795,7,ACCEPTABLE
823,1113,DEPT_SALES,1327,900,1113,9,SHORT
824,933,DEPT_SUPPORT,1302,900,933,6,SHORT
825,154,DEPT_UPGRADE,856,1200,154,5,ACCEPTABLE
826,670,DEPT_UPGRADE,446,900,670,6,ACCEPTABLE
827,68,DEPT_UPGRADE,751,1200,68,3,EXCESSIVE
828,763,DEPT_UPGRADE,1033,1200,763,1,EXCESSIVE
829,1022,DEPT_SALES,692,900,1022,4,EXCESSIVE
830,564,DEPT_SUPPORT,774,900,564,5,ACCEPTABLE
831,11,DEPT_MAIN,1094,1000,11,5,EXCESSIVE
832,617,DEPT_SUPPORT,854,900,617,6,ACCEPTABLE
833,1018,DEPT_MAIN,1045,1000,1018,2,SHORT
834,469,DEPT_CANCEL,26,1000,469,8,SHORT
835,103,DEPT_CANCEL,1383,1000,103,6,ACCEPTABLE
836,337,DEPT_CANCEL,1138,1200,337,7,ACCEPTABLE
837,1155,DEPT_SALES,365,1000,1155,5,ACCEPTABLE
838,850,DEPT_SUPPORT,656,1000,850,6,SHORT
839,1370,DEPT_UPGRADE,512,1200,1370,8,ACCEPTABLE
840,1,DEPT_SUPPORT,115,1000,1,7,ACCEPTABLE
841,1228,DEPT_UPGRADE,1049,1000,1228,8,SHORT
842,235,DEPT_SUPPORT,972,1000,235,8,EXCESSIVE
843,1184,DEPT_SALES,943,900,1184,9,EXCESSIVE
844,871,DEPT_SALES,125,900,871,5,ACCEPTABLE
845,567,DEPT_MAIN,4,1000,567,5,SHORT
846,1016,DEPT_SALES,1386,1200,1016,5,EXCESSIVE
847,1176,DEPT_UPGRADE,409,1000,1176,5,ACCEPTABLE
848,617,DEPT_SALES,690,1000,617,6,ACCEPTABLE
849,620,DEPT_CANCEL,768,1200,620,5,SHORT
850,132,DEPT_SALES,207,1200,132,4,EXCESSIVE
851,711,DEPT_MAIN,358,1000,711,3,ACCEPTABLE
852,594,DEPT_MAIN,249,900,594,5,EXCESSIVE
853,638,DEPT_SUPPORT,652,1200,638,6,ACCEPTABLE
854,537,DEPT_SUPPORT,1111,1200,537,3,ACCEPTABLE
855,765,DEPT_SUPPORT,227,1000,765,5,SHORT
856,1036,DEPT_MAIN,758,900,1036,1,EXCESSIVE
857,686,DEPT_UPGRADE,204,900,686,4,EXCESSIVE
858,726,DEPT_UPGRADE,829,1200,726,7,EXCESSIVE
859,1111,DEPT_UPGRADE,355,1000,1111,2,SHORT
860,18,DEPT_SALES,464,1200,18,2,SHORT
861,27,DEPT_CANCEL,1328,1200,27,7,EXCESSIVE
862,561,DEPT_UPGRADE,610,1200,561,9,ACCEPTABLE
863,826,DEPT_SALES,313,1200,826,7,SHORT
864,1389,DEPT_MAIN,151,900,1389,6,ACCEPTABLE
865,1355,DEPT_SALES,1004,900,1355,1,ACCEPTABLE
866,777,DEPT_SALES,371,1000,777,7,SHORT
867,1325,DEPT_MAIN,1012,900,1325,8,ACCEPTABLE
868,516,DEPT_SALES,727,1200,516,7,ACCEPTABLE
869,300,DEPT_SALES,756,1000,300,4,ACCEPTABLE
870,414,DEPT_SUPPORT,563,900,414,9,ACCEPTABLE
871,532,DEPT_SUPPORT,647,1200,532,7,SHORT
872,804,DEPT_SUPPORT,1024,1000,804,6,ACCEPTABLE
873,653,DEPT_CANCEL,248,1200,653,4,SHORT
874,1338,DEPT_SALES,611,1200,1338,6,EXCESSIVE
875,865,DEPT_UPGRADE,207,1200,865,9,EXCESSIVE
876,856,DEPT_UPGRADE,893,1200,856,4,EXCESSIVE
877,96,DEPT_CANCEL,50,1000,96,9,EXCESSIVE
878,853,DEPT_CANCEL,518,1000,853,2,EXCESSIVE
879,378,DEPT_SALES,578,900,378,7,EXCESSIVE
880,1241,DEPT_SALES,295,1000,1241,1,EXCESSIVE
881,1395,DEPT_SUPPORT,978,900,1395,1,ACCEPTABLE
882,388,DEPT_SUPPORT,170,1000,388,1,ACCEPTABLE
883,901,DEPT_SALES,736,1200,901,7,ACCEPTABLE
884,372,DEPT_MAIN,86,900,372,7,EXCESSIVE
885,591,DEPT_SUPPORT,1010,1200,591,2,SHORT
886,766,DEPT_SUPPORT,1329,1200,766,6,SHORT
887,285,DEPT_SALES,1194,1000,285,4,ACCEPTABLE
888,902,DEPT_MAIN,24,900,902,6,ACCEPTABLE
889,377,DEPT_SALES,129,1000,377,1,EXCESSIVE
890,379,DEPT_SALES,191,1000,379,9,SHORT
891,1124,DEPT_CANCEL,643,1000,1124,9,EXCESSIVE
892,1166,DEPT_SALES,1142,1200,1166,6,ACCEPTABLE
893,760,DEPT_CANCEL,484,1000,760,6,SHORT
894,424,DEPT_SALES,634,1000,424,3,EXCESSIVE
895,455,DEPT_SUPPORT,672,1200,455,1,ACCEPTABLE
896,956,DEPT_SUPPORT,154,1000,956,3,EXCESSIVE
897,516,DEPT_CANCEL,1129,1200,516,7,ACCEPTABLE
898,712,DEPT_SALES,1099,900,712,7,SHORT
899,16,DEPT_SALES,67,1200,16,4,ACCEPTABLE
900,557,DEPT_SUPPORT,848,1000,557,1,EXCESSIVE
901,680,DEPT_UPGRADE,759,1200,680,7,SHORT
902,1201,DEPT_SALES,307,1000,1201,8,SHORT
903,1400,DEPT_UPGRADE,1377,1200,1400,9,EXCESSIVE
904,259,DEPT_SALES,1054,1200,259,2,ACCEPTABLE
905,732,DEPT_CANCEL,1086,1000,732,5,SHORT
906,366,DEPT_SALES,503,900,366,6,SHORT
907,431,DEPT_MAIN,0,1000,431,8,ACCEPTABLE
908,1349,DEPT_CANCEL,33,1200,1349,7,EXCESSIVE
909,1077,DEPT_MAIN,278,900,1077,2,ACCEPTABLE
910,331,DEPT_CANCEL,1062,1000,331,8,SHORT
911,112,DEPT_CANCEL,858,1200,112,2,ACCEPTABLE
912,682,DEPT_CANCEL,882,1200,682,5,SHORT
913,1340,DEPT_UPGRADE,850,900,1340,8,SHORT
914,848,DEPT_UPGRADE,124,900,848,7,EXCESSIVE
915,491,DEPT_SUPPORT,269,1000,491,4,EXCESSIVE
916,1330,DEPT_MAIN,42,1200,1330,2,ACCEPTABLE
917,1358,DEPT_SALES,682,1000,1358,8,EXCESSIVE
918,883,DEPT_CANCEL,382,1200,883,4,ACCEPTABLE
919,1314,DEPT_UPGRADE,1272,900,1314,2,EXCESSIVE
920,357,DEPT_SUPPORT,478,1000,357,2,ACCEPTABLE
921,1275,DEPT_SUPPORT,137,1200,1275,9,SHORT
922,110,DEPT_CANCEL,138,1000,110,2,ACCEPTABLE
923,920,DEPT_SALES,1206,900,920,5,ACCEPTABLE
924,193,DEPT_SUPPORT,324,1200,193,6,EXCESSIVE
925,1033,DEPT_UPGRADE,34,900,1033,8,SHORT
926,424,DEPT_SALES,653,1200,424,3,EXCESSIVE
927,178,DEPT_CANCEL,468,1200,178,8,EXCESSIVE
928,972,DEPT_MAIN,206,1000,972,7,SHORT
929,541,DEPT_CANCEL,85,900,541,3,ACCEPTABLE
930,319,DEPT_MAIN,1292,900,319,1,SHORT
931,713,DEPT_SALES,894,900,713,2,SHORT
932,676,DEPT_SUPPORT,1091,1200,676,4,SHORT
933,154,DEPT_MAIN,204,900,154,5,ACCEPTABLE
934,642,DEPT_MAIN,51,1200,642,6,EXCESSIVE
935,1399,DEPT_CANCEL,759,1200,1399,9,ACCEPTABLE
936,12,DEPT_SALES,633,1000,12,6,ACCEPTABLE
937,609,DEPT_SALES,323,1200,609,3,ACCEPTABLE
938,1186,DEPT_CANCEL,352,1200,1186,8,ACCEPTABLE
939,1230,DEPT_SALES,905,1200,1230,2,SHORT
940,1364,DEPT_MAIN,947,1000,1364,9,SHORT
941,177,DEPT_CANCEL,682,1200,177,8,EXCESSIVE
942,819,DEPT_UPGRADE,1107,900,819,1,ACCEPTABLE
943,624,DEPT_CANCEL,1047,1200,624,5,SHORT
944,937,DEPT_MAIN,1271,1200,937,5,SHORT
945,1204,DEPT_UPGRADE,741,1000,1204,4,SHORT
946,948,DEPT_UPGRADE,1289,1200,948,6,EXCESSIVE
947,694,DEPT_CANCEL,1119,1200,694,1,EXCESSIVE
948,1052,DEPT_SUPPORT,739,1000,1052,8,EXCESSIVE
949,407,DEPT_SUPPORT,81,1200,407,2,SHORT
950,1045,DEPT_SUPPORT,1113,1200,1045,9,ACCEPTABLE
951,74,DEPT_UPGRADE,85,1200,74,9,ACCEPTABLE
952,762,DEPT_SALES,1096,1000,762,9,ACCEPTABLE
953,819,DEPT_SUPPORT,1007,1000,819,1,ACCEPTABLE
954,750,DEPT_SUPPORT,386,1200,750,7,SHORT
955,914,DEPT_SUPPORT,879,900,914,3,SHORT
956,623,DEPT_SALES,53,1200,623,4,ACCEPTABLE
957,633,DEPT_MAIN,1022,1200,633,8,SHORT
958,884,DEPT_SUPPORT,1355,1200,884,1,SHORT
959,355,DEPT_CANCEL,541,900,355,9,EXCESSIVE
960,978,DEPT_CANCEL,144,1200,978,6,ACCEPTABLE
961,149,DEPT_SUPPORT,1127,1000,149,1,EXCESSIVE
962,1301,DEPT_SALES,1122,1000,1301,7,SHORT
963,498,DEPT_CANCEL,395,1000,498,1,SHORT
964,1379,DEPT_CANCEL,519,900,1379,7,EXCESSIVE
965,263,DEPT_UPGRADE,617,1200,263,5,EXCESSIVE
966,755,DEPT_MAIN,668,1200,755,5,ACCEPTABLE
967,762,DEPT_SALES,1232,1200,762,9,ACCEPTABLE
968,467,DEPT_UPGRADE,113,900,467,2,ACCEPTABLE
969,319,DEPT_SALES,1355,900,319,1,SHORT
970,612,DEPT_MAIN,569,1000,612,3,ACCEPTABLE
971,405,DEPT_UPGRADE,728,1000,405,5,ACCEPTABLE
972,558,DEPT_SALES,324,900,558,2,ACCEPTABLE
973,92,DEPT_UPGRADE,1062,900,92,7,SHORT
974,448,DEPT_CANCEL,1283,1000,448,1,SHORT
975,11,DEPT_SALES,814,1000,11,5,EXCESSIVE
976,436,DEPT_MAIN,628,1200,436,7,SHORT
977,552,DEPT_MAIN,1074,900,552,5,EXCESSIVE
978,751,DEPT_MAIN,309,1000,751,4,SHORT
979,1225,DEPT_UPGRADE,1273,900,1225,5,ACCEPTABLE
980,467,DEPT_MAIN,1331,900,467,2,ACCEPTABLE
981,929,DEPT_MAIN,316,1200,929,3,ACCEPTABLE
982,198,DEPT_SUPPORT,1207,1000,198,4,SHORT
983,488,DEPT_CANCEL,1092,1000,488,9,SHORT
984,1305,DEPT_MAIN,1105,900,1305,3,EXCESSIVE
985,479,DEPT_UPGRADE,645,900,479,7,EXCESSIVE
986,1107,DEPT_SUPPORT,523,900,1107,1,ACCEPTABLE
987,531,DEPT_SALES,464,1000,531,4,EXCESSIVE
988,57,DEPT_MAIN,308,1200,57,4,SHORT
989,482,DEPT_SALES,344,900,482,7,EXCESSIVE
990,1353,DEPT_SALES,827,1200,1353,6,ACCEPTABLE
991,63,DEPT_UPGRADE,980,1200,63,9,ACCEPTABLE
992,868,DEPT_SALES,364,1000,868,5,ACCEPTABLE
993,1020,DEPT_SUPPORT,811,900,1020,3,EXCESSIVE
994,527,DEPT_SALES,1286,1000,527,4,SHORT
995,842,DEPT_SUPPORT,524,900,842,9,SHORT
996,478,DEPT_MAIN,1394,1000,478,1,ACCEPTABLE
997,1299,DEPT_SUPPORT,642,1000,1299,2,SHORT
998,1170,DEPT_SALES,982,1000,1170,7,ACCEPTABLE
999,645,DEPT_SUPPORT,532,1200,645,7,ACCEPTABLE
1000,974,DEPT_UPGRADE,1143,1000,974,8,EXCESSIVE
1001,160,DEPT_CANCEL,1163,1200,160,4,EXCESSIVE
1002,712,DEPT_SALES,853,1200,712,7,SHORT
1003,624,DEPT_SALES,703,1200,624,5,SHORT
1004,404,DEPT_SALES,817,1000,404,6,ACCEPTABLE
1005,566,DEPT_SALES,1097,900,566,7,EXCESSIVE
1006,316,DEPT_MAIN,1196,1200,316,9,ACCEPTABLE
1007,217,DEPT_MAIN,1114,1000,217,2,SHORT
1008,1013,DEPT_SUPPORT,713,1200,1013,3,ACCEPTABLE
1009,1242,DEPT_CANCEL,1121,1000,1242,3,EXCESSIVE
1010,775,DEPT_UPGRADE,20,1000,775,1,SHORT
1011,525,DEPT_MAIN,403,1000,525,9,EXCESSIVE
1012,120,DEPT_UPGRADE,550,1200,120,7,EXCESSIVE
1013,918,DEPT_SUPPORT,884,1200,918,9,ACCEPTABLE
1014,1160,DEPT_SUPPORT,497,1000,1160,8,ACCEPTABLE
1015,518,DEPT_SALES,218,1200,518,7,EXCESSIVE
1016,421,DEPT_MAIN,290,1200,421,5,ACCEPTABLE
1017,428,DEPT_SUPPORT,487,1200,428,6,SHORT
1018,1163,DEPT_UPGRADE,346,1200,1163,6,EXCESSIVE
1019,281,DEPT_CANCEL,1050,900,281,6,EXCESSIVE
1020,838,DEPT_CANCEL,442,1200,838,8,EXCESSIVE
1021,1398,DEPT_MAIN,892,1000,1398,9,EXCESSIVE
1022,556,DEPT_SALES,1072,1000,556,5,SHORT
1023,476,DEPT_CANCEL,591,1000,476,8,EXCESSIVE
1024,17,DEPT_SUPPORT,919,1200,17,4,SHORT
1025,39,DEPT_SUPPORT,391,1000,39,8,SHORT
1026,22,DEPT_UPGRADE,1266,1000,22,4,EXCESSIVE
1027,243,DEPT_UPGRADE,95,1000,243,6,ACCEPTABLE
1028,126,DEPT_CANCEL,221,1000,126,1,SHORT
1029,466,DEPT_SALES,605,1000,466,7,SHORT
1030,1148,DEPT_UPGRADE,246,1200,1148,5,SHORT
1031,1223,DEPT_SUPPORT,1174,1000,1223,2,ACCEPTABLE
1032,487,DEPT_MAIN,414,1200,487,2,SHORT
1033,413,DEPT_CANCEL,311,900,413,8,ACCEPTABLE
1034,578,DEPT_CANCEL,190,1000,578,6,SHORT
1035,124,DEPT_UPGRADE,694,1000,124,3,SHORT
1036,746,DEPT_SUPPORT,100,900,746,4,SHORT
1037,30,DEPT_SALES,1354,1200,30,8,EXCESSIVE
1038,1106,DEPT_SUPPORT,1319,1000,1106,6,SHORT
1039,542,DEPT_SUPPORT,1347,1000,542,7,EXCESSIVE
1040,231,DEPT_SALES,476,1000,231,5,ACCEPTABLE
1041,426,DEPT_UPGRADE,946,1000,426,8,SHORT
1042,252,DEPT_SUPPORT,237,900,252,5,SHORT
1043,385,DEPT_CANCEL,1105,1000,385,2,ACCEPTABLE
1044,1254,DEPT_MAIN,704,900,1254,8,ACCEPTABLE
1045,816,DEPT_SUPPORT,1181,1000,816,6,SHORT
1046,930,DEPT_MAIN,1203,1200,930,6,SHORT
1047,297,DEPT_SALES,160,1200,297,3,EXCESSIVE
1048,1326,DEPT_SUPPORT,938,1200,1326,5,SHORT
1049,124,DEPT_SUPPORT,912,900,124,3,SHORT
1050,557,DEPT_SALES,61,1200,557,1,EXCESSIVE
1051,1112,DEPT_MAIN,591,1000,1112,8,EXCESSIVE
1052,1159,DEPT_UPGRADE,582,1000,1159,3,EXCESSIVE
1053,1183,DEPT_SALES,523,900,1183,1,ACCEPTABLE
1054,377,DEPT_SUPPORT,1222,1000,377,1,EXCESSIVE
1055,466,DEPT_SALES,382,1200,466,7,SHORT
1056,1163,DEPT_SUPPORT,1091,1000,1163,6,EXCESSIVE
1057,255,DEPT_CANCEL,1382,1200,255,2,EXCESSIVE
1058,1301,DEPT_SUPPORT,63,1000,1301,7,SHORT
1059,877,DEPT_SALES,699,1000,877,1,SHORT
1060,869,DEPT_UPGRADE,84,1000,869,1,ACCEPTABLE
1061,581,DEPT_SUPPORT,1179,1000,581,6,EXCESSIVE
1062,155,DEPT_SALES,854,900,155,3,ACCEPTABLE
1063,218,DEPT_CANCEL,1242,1000,218,9,ACCEPTABLE
1064,191,DEPT_CANCEL,40,900,191,5,EXCESSIVE
1065,532,DEPT_UPGRADE,462,1200,532,7,SHORT
1066,640,DEPT_MAIN,319,1200,640,2,SHORT
1067,551,DEPT_SUPPORT,303,1000,551,1,ACCEPTABLE
1068,1123,DEPT_SALES,1093,900,1123,1,ACCEPTABLE
1069,1224,DEPT_MAIN,150,1200,1224,8,EXCESSIVE
1070,89,DEPT_CANCEL,904,1200,89,2,EXCESSIVE
1071,224,DEPT_SALES,1285,1200,224,7,ACCEPTABLE
1072,1027,DEPT_CANCEL,953,1200,1027,9,ACCEPTABLE
1073,1288,DEPT_MAIN,569,1000,1288,8,SHORT
1074,862,DEPT_SALES,15,1000,862,5,ACCEPTABLE
1075,1089,DEPT_MAIN,725,900,1089,9,EXCESSIVE
1076,882,DEPT_MAIN,1168,1200,882,6,SHORT
1077,739,DEPT_SUPPORT,1197,1000,739,6,SHORT
1078,1242,DEPT_SALES,990,900,1242,3,EXCESSIVE
1079,713,DEPT_SUPPORT,178,1200,713,2,SHORT
1080,252,DEPT_UPGRADE,1049,1200,252,5,SHORT
1081,415,DEPT_SALES,68,1000,415,2,EXCESSIVE
1082,168,DEPT_MAIN,492,1000,168,7,ACCEPTABLE
1083,1207,DEPT_MAIN,989,1200,1207,8,SHORT
1084,821,DEPT_SALES,542,1000,821,2,ACCEPTABLE
1085,670,DEPT_UPGRADE,1285,900,670,6,ACCEPTABLE
1086,1220,DEPT_UPGRADE,200,1200,1220,3,SHORT
1087,713,DEPT_CANCEL,200,1000,713,2,SHORT
1088,1398,DEPT_SUPPORT,879,1000,1398,9,EXCESSIVE
1089,185,DEPT_MAIN,797,1000,185,1,EXCESSIVE
1090,1318,DEPT_UPGRADE,203,1200,1318,7,EXCESSIVE
1091,1037,DEPT_MAIN,241,1000,1037,9,EXCESSIVE
1092,633,DEPT_SALES,1369,1200,633,8,SHORT
1093,850,DEPT_MAIN,1215,1200,850,6,SHORT
1094,853,DEPT_MAIN,1241,1000,853,2,EXCESSIVE
1095,1282,DEPT_UPGRADE,91,1200,1282,2,EXCESSIVE
1096,136,DEPT_CANCEL,797,1000,136,2,ACCEPTABLE
1097,422,DEPT_UPGRADE,415,1200,422,3,ACCEPTABLE
1098,168,DEPT_MAIN,993,1200,168,7,ACCEPTABLE
1099,966,DEPT_CANCEL,135,1200,966,9,EXCESSIVE
1100,4,DEPT_SALES,1197,1200,4,1,SHORT
1101,152,DEPT_SALES,744,1200,152,3,ACCEPTABLE
1102,261,DEPT_SALES,407,900,261,9,ACCEPTABLE
1103,578,DEPT_UPGRADE,1182,900,578,6,SHORT
1104,1182,DEPT_SALES,8,1000,1182,8,EXCESSIVE
1105,806,DEPT_CANCEL,494,1000,806,4,SHORT
1106,798,DEPT_UPGRADE,1194,1000,798,7,SHORT
1107,184,DEPT_UPGRADE,762,1000,184,1,EXCESSIVE
1108,36,DEPT_UPGRADE,247,1200,36,5,ACCEPTABLE
1109,177,DEPT_UPGRADE,113,1200,177,8,EXCESSIVE
1110,50,DEPT_SALES,649,900,50,5,ACCEPTABLE
1111,815,DEPT_MAIN,1398,1000,815,8,EXCESSIVE
1112,66,DEPT_CANCEL,1215,900,66,4,SHORT
1113,946,DEPT_SUPPORT,1083,1200,946,8,ACCEPTABLE
1114,173,DEPT_SUPPORT,16,900,173,8,ACCEPTABLE
1115,226,DEPT_UPGRADE,121,1000,226,1,SHORT
1116,418,DEPT_MAIN,1262,900,418,8,ACCEPTABLE
1117,1182,DEPT_SALES,258,1000,1182,8,EXCESSIVE
1118,868,DEPT_CANCEL,817,1200,868,5,ACCEPTABLE
1119,1190,DEPT_MAIN,1391,900,1190,4,SHORT
1120,782,DEPT_SUPPORT,1001,900,782,1,ACCEPTABLE
1121,669,DEPT_SALES,712,1000,669,4,SHORT
1122,1379,DEPT_CANCEL,764,1200,1379,7,EXCESSIVE
1123,1083,DEPT_SALES,1140,1200,1083,7,SHORT
1124,1155,DEPT_SUPPORT,567,900,1155,5,ACCEPTABLE
1125,51,DEPT_MAIN,318,1000,51,1,ACCEPTABLE
1126,1079,DEPT_SALES,412,1200,1079,9,EXCESSIVE
1127,917,DEPT_CANCEL,1332,1000,917,3,ACCEPTABLE
1128,141,DEPT_CANCEL,259,1200,141,9,ACCEPTABLE
1129,849,DEPT_SALES,43,1000,849,9,ACCEPTABLE
1130,1211,DEPT_SUPPORT,621,1000,1211,8,EXCESSIVE
1131,222,DEPT_SUPPORT,104,1200,222,2,EXCESSIVE
1132,1300,DEPT_CANCEL,892,1200,1300,7,ACCEPTABLE
1133,144,DEPT_UPGRADE,995,900,144,9,SHORT
1134,25,DEPT_SALES,1227,1200,25,2,EXCESSIVE
1135,233,DEPT_UPGRADE,14,900,233,4,EXCESSIVE
1136,105,DEPT_UPGRADE,851,1200,105,8,ACCEPTABLE
1137,1110,DEPT_MAIN,396,900,1110,6,EXCESSIVE
1138,179,DEPT_UPGRADE,1365,1000,179,9,ACCEPTABLE
1139,1283,DEPT_CANCEL,460,1200,1283,2,EXCESSIVE
1140,13,DEPT_CANCEL,1342,900,13,4,ACCEPTABLE
1141,680,DEPT_MAIN,820,1000,680,7,SHORT
1142,1007,DEPT_MAIN,511,1200,1007,9,SHORT
1143,345,DEPT_SUPPORT,736,1000,345,9,EXCESSIVE
1144,990,DEPT_SALES,1073,1000,990,3,SHORT
1145,1303,DEPT_SALES,855,1200,1303,7,EXCESSIVE
1146,348,DEPT_UPGRADE,725,1200,348,8,EXCESSIVE
1147,1012,DEPT_SUPPORT,510,900,1012,7,ACCEPTABLE
1148,374,DEPT_UPGRADE,772,1000,374,2,EXCESSIVE
1149,771,DEPT_UPGRADE,657,1000,771,8,EXCESSIVE
1150,384,DEPT_SALES,499,1200,384,6,ACCEPTABLE
1151,1339,DEPT_MAIN,1124,1000,1339,7,ACCEPTABLE
1152,1285,DEPT_SALES,380,1000,1285,9,EXCESSIVE
1153,925,DEPT_CANCEL,27,1000,925,9,SHORT
1154,1313,DEPT_MAIN,562,1200,1313,6,EXCESSIVE
1155,1201,DEPT_UPGRADE,171,900,1201,8,SHORT
1156,1258,DEPT_CANCEL,869,1000,1258,3,ACCEPTABLE
1157,1358,DEPT_SUPPORT,597,1000,1358,8,EXCESSIVE
1158,612,DEPT_SALES,1007,1200,612,3,ACCEPTABLE
1159,117,DEPT_CANCEL,709,1000,117,1,SHORT
1160,469,DEPT_SUPPORT,771,1200,469,8,SHORT
1161,1310,DEPT_UPGRADE,14,900,1310,9,EXCESSIVE
1162,819,DEPT_MAIN,186,1000,819,1,ACCEPTABLE
1163,982,DEPT_MAIN,998,1200,982,7,SHORT
1164,225,DEPT_SUPPORT,251,1000,225,1,ACCEPTABLE
1165,1283,DEPT_CANCEL,255,1000,1283,2,EXCESSIVE
1166,323,DEPT_CANCEL,675,1200,323,4,SHORT
1167,229,DEPT_UPGRADE,894,1200,229,7,ACCEPTABLE
1168,1294,DEPT_SALES,171,1000,1294,4,SHORT
1169,509,DEPT_MAIN,1348,1000,509,8,EXCESSIVE
1170,612,DEPT_MAIN,1,1200,612,3,ACCEPTABLE
1171,492,DEPT_CANCEL,303,1000,492,7,ACCEPTABLE
1172,32,DEPT_SUPPORT,1099,900,32,9,ACCEPTABLE
1173,427,DEPT_SALES,1366,1200,427,3,SHORT
1174,316,DEPT_CANCEL,509,1200,316,9,ACCEPTABLE
1175,256,DEPT_UPGRADE,568,1000,256,9,ACCEPTABLE
1176,646,DEPT_SALES,1037,1000,646,9,ACCEPTABLE
1177,888,DEPT_MAIN,705,1000,888,5,ACCEPTABLE
1178,1303,DEPT_UPGRADE,982,1200,1303,7,EXCESSIVE
1179,192,DEPT_UPGRADE,178,1200,192,5,ACCEPTABLE
1180,962,DEPT_SUPPORT,1258,900,962,5,ACCEPTABLE
1181,611,DEPT_SUPPORT,1076,1200,611,3,SHORT
1182,449,DEPT_SALES,616,900,449,8,SHORT
1183,263,DEPT_MAIN,828,1200,263,5,EXCESSIVE
1184,406,DEPT_MAIN,474,1000,406,8,ACCEPTABLE
1185,849,DEPT_SUPPORT,1036,1000,849,9,ACCEPTABLE
1186,403,DEPT_SALES,1129,1000,403,5,ACCEPTABLE
1187,1129,DEPT_SUPPORT,1151,1200,1129,5,SHORT
1188,277,DEPT_UPGRADE,1127,1000,277,8,EXCESSIVE
1189,997,DEPT_SUPPORT,562,1000,997,3,EXCESSIVE
1190,383,DEPT_SUPPORT,285,900,383,7,EXCESSIVE
1191,68,DEPT_MAIN,762,1000,68,3,EXCESSIVE
1192,220,DEPT_SUPPORT,43,900,220,2,SHORT
1193,1203,DEPT_MAIN,666,1000,1203,5,ACCEPTABLE
1194,1365,DEPT_SALES,720,900,1365,8,EXCESSIVE
1195,476,DEPT_CANCEL,1251,1000,476,8,EXCESSIVE
1196,93,DEPT_CANCEL,970,1200,93,2,ACCEPTABLE
1197,432,DEPT_SUPPORT,675,1000,432,1,EXCESSIVE
1198,719,DEPT_MAIN,1241,1200,719,9,SHORT
1199,174,DEPT_SUPPORT,557,1200,174,1,ACCEPTABLE
1200,1215,DEPT_SUPPORT,1193,1200,1215,4,EXCESSIVE
1201,989,DEPT_SALES,325,900,989,8,EXCESSIVE
1202,591,DEPT_SALES,1277,900,591,2,SHORT
1203,1329,DEPT_CANCEL,34,900,1329,8,SHORT
1204,318,DEPT_MAIN,1341,1000,318,4,ACCEPTABLE
1205,1373,DEPT_MAIN,12,900,1373,3,ACCEPTABLE
1206,1093,DEPT_SALES,233,1000,1093,1,ACCEPTABLE
1207,1222,DEPT_MAIN,876,1200,1222,3,ACCEPTABLE
1208,521,DEPT_MAIN,1210,1200,521,3,EXCESSIVE
1209,449,DEPT_CANCEL,1198,1200,449,8,SHORT
1210,732,DEPT_SUPPORT,61,1200,732,5,SHORT
1211,161,DEPT_CANCEL,221,1200,161,9,EXCESSIVE
1212,246,DEPT_CANCEL,288,1200,246,8,EXCESSIVE
1213,107,DEPT_SALES,651,900,107,8,SHORT
1214,352,DEPT_SUPPORT,393,1000,352,1,EXCESSIVE
1215,1148,DEPT_MAIN,299,900,1148,5,SHORT
1216,86,DEPT_MAIN,519,900,86,2,EXCESSIVE
1217,153,DEPT_SUPPORT,986,1000,153,9,SHORT
1218,1053,DEPT_CANCEL,92,1000,1053,7,EXCESSIVE
1219,294,DEPT_CANCEL,1169,1000,294,5,SHORT
1220,895,DEPT_SALES,460,900,895,2,EXCESSIVE
1221,820,DEPT_CANCEL,975,900,820,9,SHORT
1222,638,DEPT_SUPPORT,683,900,638,6,ACCEPTABLE
1223,706,DEPT_SALES,996,1200,706,5,SHORT
1224,836,DEPT_MAIN,742,1000,836,1,ACCEPTABLE
1225,175,DEPT_SALES,213,1000,175,1,EXCESSIVE
1226,718,DEPT_CANCEL,1122,1200,718,5,EXCESSIVE
1227,1114,DEPT_MAIN,722,1000,1114,2,EXCESSIVE
1228,256,DEPT_UPGRADE,407,1200,256,9,ACCEPTABLE
1229,10,DEPT_SALES,1068,1000,10,1,EXCESSIVE
1230,1194,DEPT_SALES,525,1000,1194,2,SHORT
1231,826,DEPT_SUPPORT,732,1200,826,7,SHORT
1232,329,DEPT_UPGRADE,164,1200,329,4,SHORT
1233,317,DEPT_MAIN,97,1000,317,6,EXCESSIVE
1234,768,DEPT_CANCEL,684,1200,768,6,SHORT
1235,24,DEPT_CANCEL,291,1200,24,3,ACCEPTABLE
1236,279,DEPT_MAIN,536,1000,279,4,EXCESSIVE
1237,1015,DEPT_MAIN,97,1200,1015,9,ACCEPTABLE
1238,507,DEPT_SALES,299,1000,507,8,SHORT
1239,782,DEPT_MAIN,169,1200,782,1,ACCEPTABLE
1240,1059,DEPT_UPGRADE,1157,1200,1059,4,SHORT
1241,1160,DEPT_SUPPORT,376,1000,1160,8,ACCEPTABLE
1242,624,DEPT_UPGRADE,1368,1000,624,5,SHORT
1243,909,DEPT_MAIN,874,1000,909,3,SHORT
1244,965,DEPT_MAIN,220,1200,965,4,SHORT
1245,340,DEPT_SUPPORT,733,1200,340,3,SHORT
1246,759,DEPT_SUPPORT,1163,1000,759,7,SHORT
1247,485,DEPT_UPGRADE,512,1200,485,3,EXCESSIVE
1248,201,DEPT_UPGRADE,890,1000,201,2,SHORT
1249,1207,DEPT_MAIN,195,1000,1207,8,SHORT
1250,715,DEPT_SUPPORT,209,1000,715,6,ACCEPTABLE
1251,1074,DEPT_SALES,1100,1200,1074,4,ACCEPTABLE
1252,1237,DEPT_CANCEL,78,1200,1237,7,ACCEPTABLE
1253,278,DEPT_UPGRADE,126,1200,278,3,EXCESSIVE
1254,602,DEPT_SUPPORT,602,1000,602,9,EXCESSIVE
1255,1262,DEPT_MAIN,1335,1200,1262,2,SHORT
1256,862,DEPT_CANCEL,807,1200,862,5,ACCEPTABLE
1257,654,DEPT_UPGRADE,557,900,654,3,SHORT
1258,815,DEPT_CANCEL,311,900,815,8,EXCESSIVE
1259,552,DEPT_CANCEL,809,1000,552,5,EXCESSIVE
1260,122,DEPT_SUPPORT,438,1200,122,7,ACCEPTABLE
1261,1268,DEPT_SUPPORT,1108,1000,1268,3,ACCEPTABLE
1262,1100,DEPT_MAIN,1024,1200,1100,6,EXCESSIVE
1263,791,DEPT_SUPPORT,1260,1200,791,1,SHORT
1264,936,DEPT_SALES,683,1000,936,1,ACCEPTABLE
1265,573,DEPT_UPGRADE,45,900,573,9,ACCEPTABLE
1266,411,DEPT_SALES,972,1200,411,8,SHORT
1267,1023,DEPT_CANCEL,335,1200,1023,5,ACCEPTABLE
1268,1030,DEPT_CANCEL,243,900,1030,7,EXCESSIVE
1269,818,DEPT_SUPPORT,109,1000,818,7,EXCESSIVE
1270,164,DEPT_SUPPORT,1320,1000,164,5,EXCESSIVE
1271,130,DEPT_UPGRADE,843,1200,130,7,SHORT
1272,1171,DEPT_CANCEL,800,1200,1171,4,ACCEPTABLE
1273,445,DEPT_SALES,339,900,445,6,ACCEPTABLE
1274,1302,DEPT_SUPPORT,1242,1000,1302,5,EXCESSIVE
1275,1349,DEPT_SALES,736,900,1349,7,EXCESSIVE
1276,57,DEPT_SALES,670,1200,57,4,SHORT
1277,150,DEPT_SUPPORT,1026,1200,150,1,EXCESSIVE
1278,185,DEPT_SALES,837,1200,185,1,EXCESSIVE
1279,1300,DEPT_MAIN,152,900,1300,7,ACCEPTABLE
1280,554,DEPT_SUPPORT,81,1000,554,8,SHORT
1281,570,DEPT_SUPPORT,1342,1000,570,9,ACCEPTABLE
1282,1397,DEPT_SUPPORT,866,1000,1397,2,EXCESSIVE
1283,347,DEPT_UPGRADE,1168,900,347,7,ACCEPTABLE
1284,1187,DEPT_CANCEL,838,900,1187,7,EXCESSIVE
1285,112,DEPT_MAIN,97,1200,112,2,ACCEPTABLE
1286,665,DEPT_SALES,911,900,665,6,EXCESSIVE
1287,1361,DEPT_SALES,1259,1200,1361,4,ACCEPTABLE
1288,665,DEPT_SALES,726,900,665,6,EXCESSIVE
1289,658,DEPT_UPGRADE,653,1200,658,7,EXCESSIVE
1290,752,DEPT_MAIN,367,1000,752,2,SHORT
1291,118,DEPT_MAIN,319,1000,118,2,EXCESSIVE
1292,743,DEPT_SUPPORT,1270,1200,743,1,SHORT
1293,14,DEPT_SUPPORT,252,1200,14,9,ACCEPTABLE
1294,718,DEPT_UPGRADE,863,1200,718,5,EXCESSIVE
1295,899,DEPT_CANCEL,324,1000,899,6,EXCESSIVE
1296,1332,DEPT_UPGRADE,112,1000,1332,3,ACCEPTABLE
1297,610,DEPT_UPGRADE,1330,1000,610,9,SHORT
1298,1074,DEPT_CANCEL,488,1000,1074,4,ACCEPTABLE
1299,89,DEPT_SALES,457,1200,89,2,EXCESSIVE
1300,882,DEPT_UPGRADE,512,1200,882,6,SHORT
1301,994,DEPT_SUPPORT,775,900,994,6,ACCEPTABLE
1302,1283,DEPT_SUPPORT,306,1200,1283,2,EXCESSIVE
1303,81,DEPT_SALES,953,1000,81,5,ACCEPTABLE
1304,420,DEPT_SUPPORT,880,1000,420,1,ACCEPTABLE
1305,564,DEPT_CANCEL,849,1000,564,5,ACCEPTABLE
1306,619,DEPT_SUPPORT,939,1000,619,5,EXCESSIVE
1307,864,DEPT_UPGRADE,1055,900,864,6,SHORT
1308,724,DEPT_CANCEL,1352,900,724,8,ACCEPTABLE
1309,987,DEPT_MAIN,1096,900,987,7,ACCEPTABLE
1310,1386,DEPT_CANCEL,406,900,1386,2,SHORT
1311,261,DEPT_CANCEL,1063,1200,261,9,ACCEPTABLE
1312,832,DEPT_SUPPORT,479,1200,832,7,EXCESSIVE
1313,1292,DEPT_UPGRADE,816,900,1292,4,EXCESSIVE
1314,395,DEPT_UPGRADE,298,1000,395,8,SHORT
1315,1092,DEPT_SALES,1113,1200,1092,5,SHORT
1316,564,DEPT_SUPPORT,895,1200,564,5,ACCEPTABLE
1317,172,DEPT_MAIN,750,1200,172,9,SHORT
1318,1385,DEPT_MAIN,1338,900,1385,1,SHORT
1319,1390,DEPT_SUPPORT,379,1200,1390,3,SHORT
1320,958,DEPT_SUPPORT,742,1000,958,2,SHORT
1321,1199,DEPT_SUPPORT,680,1200,1199,3,EXCESSIVE
1322,1196,DEPT_MAIN,1360,900,1196,8,EXCESSIVE
1323,1292,DEPT_UPGRADE,1247,1000,1292,4,EXCESSIVE
1324,457,DEPT_MAIN,573,1200,457,5,ACCEPTABLE
1325,1220,DEPT_SALES,610,1200,1220,3,SHORT
1326,1294,DEPT_MAIN,895,1000,1294,4,SHORT
1327,787,DEPT_MAIN,508,1000,787,5,SHORT
1328,922,DEPT_MAIN,574,1000,922,1,ACCEPTABLE
1329,108,DEPT_MAIN,253,1000,108,4,ACCEPTABLE
1330,776,DEPT_SUPPORT,886,1200,776,1,EXCESSIVE
1331,772,DEPT_CANCEL,189,1200,772,4,ACCEPTABLE
1332,362,DEPT_UPGRADE,1300,1200,362,7,ACCEPTABLE
1333,105,DEPT_CANCEL,924,1200,105,8,ACCEPTABLE
1334,925,DEPT_SUPPORT,356,1000,925,9,SHORT
1335,175,DEPT_UPGRADE,724,1000,175,1,EXCESSIVE
1336,784,DEPT_SALES,158,1200,784,3,ACCEPTABLE
1337,229,DEPT_SALES,1165,1000,229,7,ACCEPTABLE
1338,688,DEPT_MAIN,209,1200,688,9,ACCEPTABLE
1339,413,DEPT_UPGRADE,688,1000,413,8,ACCEPTABLE
1340,1344,DEPT_MAIN,515,1000,1344,5,SHORT
1341,1157,DEPT_SUPPORT,1362,1000,1157,8,SHORT
1342,220,DEPT_CANCEL,88,1000,220,2,SHORT
1343,68,DEPT_UPGRADE,719,1200,68,3,EXCESSIVE
1344,493,DEPT_SUPPORT,1282,1000,493,5,EXCESSIVE
1345,321,DEPT_MAIN,161,1000,321,7,ACCEPTABLE
1346,1244,DEPT_MAIN,923,900,1244,2,ACCEPTABLE
1347,338,DEPT_SUPPORT,195,900,338,8,SHORT
1348,1099,DEPT_SALES,1047,900,1099,2,SHORT
1349,1292,DEPT_MAIN,1041,1200,1292,4,EXCESSIVE
1350,345,DEPT_CANCEL,662,1200,345,9,EXCESSIVE
1351,1085,DEPT_CANCEL,669,1200,1085,2,EXCESSIVE
1352,1058,DEPT_SUPPORT,1316,1000,1058,7,ACCEPTABLE
1353,1094,DEPT_CANCEL,136,1000,1094,5,EXCESSIVE
1354,705,DEPT_MAIN,1035,1000,705,6,SHORT
1355,1079,DEPT_UPGRADE,14,1000,1079,9,EXCESSIVE
1356,234,DEPT_MAIN,997,1200,234,7,ACCEPTABLE
1357,982,DEPT_SALES,374,1200,982,7,SHORT
1358,731,DEPT_MAIN,26,1000,731,8,ACCEPTABLE
1359,1250,DEPT_SALES,1392,1000,1250,8,ACCEPTABLE
1360,374,DEPT_UPGRADE,386,1000,374,2,EXCESSIVE
1361,1051,DEPT_UPGRADE,334,900,1051,9,EXCESSIVE
1362,761,DEPT_UPGRADE,619,1000,761,5,ACCEPTABLE
1363,114,DEPT_SALES,1120,900,114,1,EXCESSIVE
1364,1390,DEPT_MAIN,1045,900,1390,3,SHORT
1365,868,DEPT_CANCEL,640,1200,868,5,ACCEPTABLE
1366,331,DEPT_UPGRADE,1094,1200,331,8,SHORT
1367,187,DEPT_SUPPORT,499,1000,187,5,EXCESSIVE
1368,1292,DEPT_UPGRADE,726,1200,1292,4,EXCESSIVE
1369,123,DEPT_SUPPORT,515,900,123,3,EXCESSIVE
1370,817,DEPT_UPGRADE,13,1000,817,5,ACCEPTABLE
1371,829,DEPT_SALES,170,1000,829,5,EXCESSIVE
1372,1095,DEPT_CANCEL,159,1200,1095,3,SHORT
1373,1191,DEPT_SUPPORT,78,1000,1191,3,EXCESSIVE
1374,1041,DEPT_SALES,1076,1200,1041,2,SHORT
1375,711,DEPT_MAIN,962,1200,711,3,ACCEPTABLE
1376,1120,DEPT_SUPPORT,91,1200,1120,8,SHORT
1377,266,DEPT_UPGRADE,1106,1000,266,4,EXCESSIVE
1378,48,DEPT_MAIN,395,1200,48,5,EXCESSIVE
1379,803,DEPT_SUPPORT,572,1000,803,6,SHORT
1380,61,DEPT_MAIN,1237,1200,61,5,ACCEPTABLE
1381,817,DEPT_SUPPORT,362,1000,817,5,ACCEPTABLE
1382,1068,DEPT_CANCEL,989,1200,1068,7,EXCESSIVE
1383,473,DEPT_SALES,956,900,473,5,ACCEPTABLE
1384,707,DEPT_CANCEL,213,1000,707,9,ACCEPTABLE
1385,1099,DEPT_CANCEL,1016,900,1099,2,SHORT
1386,782,DEPT_SUPPORT,314,1200,782,1,ACCEPTABLE
1387,445,DEPT_UPGRADE,850,1000,445,6,ACCEPTABLE
1388,1265,DEPT_MAIN,1236,900,1265,6,ACCEPTABLE
1389,948,DEPT_CANCEL,1080,1000,948,6,EXCESSIVE
1390,517,DEPT_SUPPORT,1273,1200,517,1,EXCESSIVE
1391,1084,DEPT_UPGRADE,478,1000,1084,9,SHORT
1392,1378,DEPT_UPGRADE,346,1000,1378,2,ACCEPTABLE
1393,377,DEPT_CANCEL,1038,900,377,1,EXCESSIVE
1394,57,DEPT_MAIN,1377,1000,57,4,SHORT
1395,306,DEPT_UPGRADE,1015,1000,306,7,SHORT
1396,160,DEPT_CANCEL,1067,900,160,4,EXCESSIVE
1397,154,DEPT_UPGRADE,1148,1200,154,5,ACCEPTABLE
1398,1210,DEPT_CANCEL,913,1200,1210,6,SHORT
1399,934,DEPT_MAIN,213,1000,934,3,EXCESSIVE
1400,1315,DEPT_CANCEL,7,1000,1315,2,EXCESSIVE
1401,873,DEPT_SUPPORT,349,1000,873,3,ACCEPTABLE
1402,791,DEPT_MAIN,312,900,791,1,SHORT
1403,146,DEPT_CANCEL,1067,1200,146,6,ACCEPTABLE
1404,998,DEPT_SALES,611,1000,998,3,ACCEPTABLE
1405,923,DEPT_SUPPORT,55,1000,923,5,EXCESSIVE
1406,1001,DEPT_CANCEL,1119,1200,1001,1,EXCESSIVE
1407,751,DEPT_SUPPORT,1033,1200,751,4,SHORT
1408,93,DEPT_CANCEL,1126,1200,93,2,ACCEPTABLE
1409,1144,DEPT_CANCEL,962,1000,1144,4,EXCESSIVE
1410,413,DEPT_SUPPORT,987,1000,413,8,ACCEPTABLE
1411,1281,DEPT_CANCEL,231,1000,1281,9,SHORT
1412,805,DEPT_SALES,535,1000,805,2,SHORT
1413,31,DEPT_SUPPORT,185,1000,31,7,ACCEPTABLE
1414,252,DEPT_SUPPORT,806,1000,252,5,SHORT
1415,27,DEPT_CANCEL,606,1000,27,7,EXCESSIVE
1416,471,DEPT_CANCEL,759,900,471,5,ACCEPTABLE
1417,1012,DEPT_SUPPORT,821,1200,1012,7,ACCEPTABLE
1418,564,DEPT_SUPPORT,144,1200,564,5,ACCEPTABLE
1419,428,DEPT_SALES,1400,1200,428,6,SHORT
1420,1250,DEPT_UPGRADE,962,1000,1250,8,ACCEPTABLE
1421,32,DEPT_CANCEL,894,1000,32,9,ACCEPTABLE
1422,86,DEPT_UPGRADE,162,900,86,2,EXCESSIVE
1423,1033,DEPT_SALES,603,900,1033,8,SHORT
1424,997,DEPT_CANCEL,824,900,997,3,EXCESSIVE
1425,810,DEPT_CANCEL,729,900,810,5,ACCEPTABLE
1426,283,DEPT_SUPPORT,37,1000,283,1,ACCEPTABLE
1427,863,DEPT_MAIN,254,900,863,7,SHORT
1428,1339,DEPT_CANCEL,1040,1200,1339,7,ACCEPTABLE
1429,834,DEPT_SALES,113,1200,834,9,EXCESSIVE
1430,416,DEPT_SUPPORT,390,900,416,5,ACCEPTABLE
1431,549,DEPT_UPGRADE,863,1200,549,1,SHORT
1432,1350,DEPT_SUPPORT,369,1200,1350,7,ACCEPTABLE
1433,63,DEPT_MAIN,64,1200,63,9,ACCEPTABLE
1434,150,DEPT_SALES,1158,1000,150,1,EXCESSIVE
1435,1168,DEPT_SUPPORT,205,1200,1168,6,SHORT
1436,342,DEPT_UPGRADE,194,1000,342,9,EXCESSIVE
1437,295,DEPT_MAIN,857,1200,295,9,SHORT
1438,111,DEPT_MAIN,306,1200,111,7,SHORT
1439,778,DEPT_SALES,219,1200,778,8,ACCEPTABLE
1440,797,DEPT_SUPPORT,1042,1200,797,3,EXCESSIVE
1441,188,DEPT_SUPPORT,1177,1000,188,9,EXCESSIVE
1442,1045,DEPT_SUPPORT,189,1200,1045,9,ACCEPTABLE
1443,891,DEPT_CANCEL,1012,1000,891,8,EXCESSIVE
1444,394,DEPT_SALES,405,900,394,9,ACCEPTABLE
1445,1196,DEPT_UPGRADE,1273,900,1196,8,EXCESSIVE
1446,902,DEPT_MAIN,578,1200,902,6,ACCEPTABLE
1447,1365,DEPT_UPGRADE,917,1000,1365,8,EXCESSIVE
1448,61,DEPT_CANCEL,199,900,61,5,ACCEPTABLE
1449,802,DEPT_SALES,823,900,802,9,ACCEPTABLE
1450,788,DEPT_CANCEL,836,1000,788,2,SHORT
1451,801,DEPT_SUPPORT,211,1200,801,3,SHORT
1452,1067,DEPT_MAIN,216,1000,1067,2,ACCEPTABLE
1453,1298,DEPT_MAIN,1041,1000,1298,5,SHORT
1454,31,DEPT_MAIN,157,1200,31,7,ACCEPTABLE
1455,817,DEPT_UPGRADE,1029,1000,817,5,ACCEPTABLE
1456,776,DEPT_CANCEL,221,900,776,1,EXCESSIVE
1457,771,DEPT_UPGRADE,1197,1000,771,8,EXCESSIVE
1458,598,DEPT_UPGRADE,99,900,598,1,SHORT
1459,509,DEPT_CANCEL,558,1000,509,8,EXCESSIVE
1460,961,DEPT_SUPPORT,28,1200,961,1,SHORT
1461,1116,DEPT_MAIN,626,900,1116,3,ACCEPTABLE
1462,455,DEPT_SUPPORT,530,1000,455,1,ACCEPTABLE
1463,804,DEPT_MAIN,907,1200,804,6,ACCEPTABLE
1464,1389,DEPT_SUPPORT,121,1200,1389,6,ACCEPTABLE
1465,1334,DEPT_MAIN,523,1200,1334,3,ACCEPTABLE
1466,1025,DEPT_UPGRADE,1163,1200,1025,2,EXCESSIVE
1467,1032,DEPT_UPGRADE,459,900,1032,6,ACCEPTABLE
1468,986,DEPT_MAIN,469,1200,986,9,EXCESSIVE
1469,433,DEPT_UPGRADE,773,900,433,8,EXCESSIVE
1470,621,DEPT_SALES,253,900,621,2,ACCEPTABLE
1471,1092,DEPT_SUPPORT,46,1200,1092,5,SHORT
1472,1179,DEPT_UPGRADE,361,1000,1179,4,SHORT
1473,759,DEPT_SUPPORT,154,1000,759,7,SHORT
1474,1073,DEPT_SUPPORT,129,1000,1073,8,SHORT
1475,182,DEPT_SUPPORT,1104,900,182,2,ACCEPTABLE
1476,1216,DEPT_CANCEL,58,1200,1216,3,SHORT
1477,735,DEPT_SALES,321,1200,735,9,EXCESSIVE
1478,249,DEPT_SUPPORT,1365,1200,249,5,SHORT
1479,1018,DEPT_UPGRADE,177,1200,1018,2,SHORT
1480,112,DEPT_UPGRADE,308,1000,112,2,ACCEPTABLE
1481,711,DEPT_CANCEL,537,1200,711,3,ACCEPTABLE
1482,1138,DEPT_CANCEL,1167,1200,1138,9,SHORT
1483,694,DEPT_SALES,1238,900,694,1,EXCESSIVE
1484,1254,DEPT_UPGRADE,386,1200,1254,8,ACCEPTABLE
1485,17,DEPT_CANCEL,688,1200,17,4,SHORT
1486,861,DEPT_CANCEL,972,1200,861,8,ACCEPTABLE
1487,787,DEPT_SUPPORT,304,900,787,5,SHORT
1488,1244,DEPT_SUPPORT,1075,1200,1244,2,ACCEPTABLE
1489,365,DEPT_SALES,1187,1200,365,3,SHORT
1490,1374,DEPT_MAIN,570,1000,1374,5,ACCEPTABLE
1491,1372,DEPT_MAIN,1061,1200,1372,5,ACCEPTABLE
1492,747,DEPT_MAIN,1156,1200,747,8,EXCESSIVE
1493,179,DEPT_CANCEL,1384,1200,179,9,ACCEPTABLE
1494,47,DEPT_SALES,571,900,47,7,ACCEPTABLE
1495,1071,DEPT_CANCEL,569,900,1071,9,EXCESSIVE
1496,339,DEPT_CANCEL,1074,1000,339,1,EXCESSIVE
1497,5,DEPT_SALES,940,1200,5,5,SHORT
1498,1374,DEPT_CANCEL,475,1200,1374,5,ACCEPTABLE
1499,1225,DEPT_MAIN,311,1200,1225,5,ACCEPTABLE
1500,616,DEPT_SUPPORT,1302,1000,616,1,ACCEPTABLE
1501,112,DEPT_CANCEL,1334,1200,112,2,ACCEPTABLE
1502,1346,DEPT_CANCEL,1344,1000,1346,8,SHORT
1503,818,DEPT_CANCEL,743,900,818,7,EXCESSIVE
1504,410,DEPT_MAIN,834,900,410,7,EXCESSIVE
1505,1151,DEPT_CANCEL,616,1000,1151,5,SHORT
1506,878,DEPT_MAIN,677,1000,878,4,EXCESSIVE
1507,1313,DEPT_UPGRADE,375,1200,1313,6,EXCESSIVE
1508,1118,DEPT_MAIN,680,1000,1118,7,ACCEPTABLE
1509,1362,DEPT_UPGRADE,211,900,1362,2,EXCESSIVE
1510,464,DEPT_SUPPORT,1152,900,464,5,ACCEPTABLE
1511,469,DEPT_SUPPORT,1381,1200,469,8,SHORT
1512,819,DEPT_CANCEL,179,1000,819,1,ACCEPTABLE
1513,694,DEPT_UPGRADE,901,1000,694,1,EXCESSIVE
1514,1303,DEPT_UPGRADE,385,1000,1303,7,EXCESSIVE
1515,1057,DEPT_CANCEL,234,1000,1057,9,ACCEPTABLE
1516,337,DEPT_CANCEL,379,1000,337,7,ACCEPTABLE
1517,230,DEPT_UPGRADE,1202,1000,230,4,EXCESSIVE
1518,384,DEPT_UPGRADE,430,1200,384,6,ACCEPTABLE
1519,619,DEPT_UPGRADE,218,900,619,5,EXCESSIVE
1520,1114,DEPT_CANCEL,340,1200,1114,2,EXCESSIVE
1521,1296,DEPT_UPGRADE,925,900,1296,4,ACCEPTABLE
1522,1128,DEPT_MAIN,992,1000,1128,5,SHORT
1523,810,DEPT_MAIN,821,900,810,5,ACCEPTABLE
1524,719,DEPT_UPGRADE,1068,1200,719,9,SHORT
1525,30,DEPT_CANCEL,586,1000,30,8,EXCESSIVE
1526,586,DEPT_CANCEL,1237,1200,586,4,SHORT
1527,301,DEPT_CANCEL,651,1200,301,2,SHORT
1528,195,DEPT_MAIN,48,1200,195,8,SHORT
1529,362,DEPT_UPGRADE,1301,900,362,7,ACCEPTABLE
1530,1369,DEPT_MAIN,1281,1200,1369,6,EXCESSIVE
1531,145,DEPT_UPGRADE,433,900,145,9,ACCEPTABLE
1532,1124,DEPT_CANCEL,1241,1000,1124,9,EXCESSIVE
1533,1086,DEPT_CANCEL,330,1000,1086,1,ACCEPTABLE
1534,1343,DEPT_CANCEL,843,1000,1343,7,EXCESSIVE
1535,443,DEPT_UPGRADE,1344,1200,443,2,EXCESSIVE
1536,25,DEPT_MAIN,201,1000,25,2,EXCESSIVE
1537,914,DEPT_UPGRADE,896,1200,914,3,SHORT
1538,434,DEPT_UPGRADE,590,1200,434,8,ACCEPTABLE
1539,1370,DEPT_SALES,994,1200,1370,8,ACCEPTABLE
1540,859,DEPT_SALES,1213,1200,859,8,SHORT
1541,514,DEPT_MAIN,952,1000,514,2,SHORT
1542,1060,DEPT_SALES,1310,1200,1060,9,SHORT
1543,240,DEPT_UPGRADE,1082,1200,240,2,SHORT
1544,843,DEPT_UPGRADE,270,900,843,4,EXCESSIVE
1545,1049,DEPT_UPGRADE,1107,1200,1049,8,ACCEPTABLE
1546,373,DEPT_MAIN,227,1000,373,7,ACCEPTABLE
1547,477,DEPT_UPGRADE,847,1200,477,7,EXCESSIVE
1548,50,DEPT_CANCEL,386,1200,50,5,ACCEPTABLE
1549,781,DEPT_MAIN,684,900,781,5,SHORT
1550,1182,DEPT_CANCEL,1089,900,1182,8,EXCESSIVE
1551,1137,DEPT_UPGRADE,538,900,1137,1,SHORT
1552,822,DEPT_SALES,72,900,822,6,EXCESSIVE
1553,498,DEPT_SUPPORT,73,1000,498,1,SHORT
1554,883,DEPT_UPGRADE,1369,900,883,4,ACCEPTABLE
1555,163,DEPT_MAIN,30,900,163,8,ACCEPTABLE
1556,519,DEPT_SALES,201,1000,519,5,ACCEPTABLE
1557,415,DEPT_CANCEL,1242,1000,415,2,EXCESSIVE
1558,850,DEPT_SALES,1220,900,850,6,SHORT
1559,130,DEPT_UPGRADE,903,1000,130,7,SHORT
1560,1284,DEPT_UPGRADE,621,1200,1284,5,ACCEPTABLE
1561,1049,DEPT_MAIN,1343,1200,1049,8,ACCEPTABLE
1562,1111,DEPT_SUPPORT,1185,1000,1111,2,SHORT
1563,456,DEPT_MAIN,222,1000,456,4,SHORT
1564,1107,DEPT_SALES,91,1200,1107,1,ACCEPTABLE
1565,471,DEPT_SUPPORT,332,900,471,5,ACCEPTABLE
1566,820,DEPT_SALES,20,1200,820,9,SHORT
1567,563,DEPT_SALES,299,1000,563,5,SHORT
1568,1340,DEPT_SALES,277,1200,1340,8,SHORT
1569,573,DEPT_SUPPORT,1081,1000,573,9,ACCEPTABLE
1570,504,DEPT_SALES,1093,900,504,1,ACCEPTABLE
1571,733,DEPT_SALES,1141,1000,733,1,SHORT
1572,146,DEPT_CANCEL,501,1200,146,6,ACCEPTABLE
1573,1374,DEPT_SUPPORT,151,1200,1374,5,ACCEPTABLE
1574,75,DEPT_MAIN,474,1200,75,9,EXCESSIVE
1575,887,DEPT_MAIN,861,1000,887,5,ACCEPTABLE
1576,23,DEPT_MAIN,860,1000,23,4,ACCEPTABLE
1577,893,DEPT_SUPPORT,374,1000,893,7,ACCEPTABLE
1578,1081,DEPT_MAIN,117,900,1081,7,EXCESSIVE
1579,1371,DEPT_CANCEL,405,900,1371,9,EXCESSIVE
1580,49,DEPT_MAIN,960,1200,49,3,ACCEPTABLE
1581,1225,DEPT_SALES,1046,1200,1225,5,ACCEPTABLE
1582,171,DEPT_SUPPORT,95,1200,171,4,ACCEPTABLE
1583,845,DEPT_CANCEL,1246,1200,845,4,SHORT
1584,1329,DEPT_CANCEL,93,1000,1329,8,SHORT
1585,38,DEPT_CANCEL,1145,1000,38,6,ACCEPTABLE
1586,686,DEPT_CANCEL,53,1000,686,4,EXCESSIVE
1587,177,DEPT_MAIN,208,1000,177,8,EXCESSIVE
1588,946,DEPT_SUPPORT,1338,1200,946,8,ACCEPTABLE
1589,10,DEPT_SUPPORT,871,1000,10,1,EXCESSIVE
1590,1220,DEPT_SALES,633,1000,1220,3,SHORT
1591,1085,DEPT_SALES,136,1000,1085,2,EXCESSIVE
1592,413,DEPT_SALES,1207,1200,413,8,ACCEPTABLE
1593,848,DEPT_UPGRADE,459,1000,848,7,EXCESSIVE
1594,304,DEPT_MAIN,1092,900,304,2,ACCEPTABLE
1595,1111,DEPT_MAIN,1386,1000,1111,2,SHORT
1596,377,DEPT_SUPPORT,589,900,377,1,EXCESSIVE
1597,87,DEPT_CANCEL,152,1200,87,5,SHORT
1598,954,DEPT_SUPPORT,398,1000,954,8,SHORT
1599,318,DEPT_MAIN,15,1200,318,4,ACCEPTABLE
1600,383,DEPT_UPGRADE,584,1000,383,7,EXCESSIVE
1601,443,DEPT_SALES,636,1200,443,2,EXCESSIVE
1602,1106,DEPT_UPGRADE,630,1000,1106,6,SHORT
1603,1207,DEPT_MAIN,739,900,1207,8,SHORT
1604,85,DEPT_CANCEL,975,900,85,3,ACCEPTABLE
1605,741,DEPT_CANCEL,574,1200,741,4,EXCESSIVE
1606,1295,DEPT_SUPPORT,1252,1200,1295,8,EXCESSIVE
1607,327,DEPT_SUPPORT,75,900,327,1,SHORT
1608,243,DEPT_MAIN,732,1000,243,6,ACCEPTABLE
1609,184,DEPT_SALES,355,900,184,1,EXCESSIVE
1610,205,DEPT_CANCEL,693,1000,205,5,ACCEPTABLE
1611,284,DEPT_UPGRADE,78,1000,284,3,EXCESSIVE
1612,245,DEPT_CANCEL,548,900,245,2,ACCEPTABLE
1613,371,DEPT_UPGRADE,446,1000,371,1,SHORT
1614,610,DEPT_SALES,223,1200,610,9,SHORT
1615,1109,DEPT_CANCEL,69,900,1109,3,EXCESSIVE
1616,434,DEPT_UPGRADE,294,900,434,8,ACCEPTABLE
1617,856,DEPT_UPGRADE,296,900,856,4,EXCESSIVE
1618,367,DEPT_SALES,1291,900,367,5,EXCESSIVE
1619,889,DEPT_CANCEL,1031,1200,889,9,SHORT
1620,1020,DEPT_SALES,498,1000,1020,3,EXCESSIVE
1621,406,DEPT_SUPPORT,1176,1000,406,8,ACCEPTABLE
1622,1099,DEPT_UPGRADE,1261,1000,1099,2,SHORT
1623,573,DEPT_SUPPORT,420,900,573,9,ACCEPTABLE
1624,555,DEPT_CANCEL,1245,900,555,7,EXCESSIVE
1625,771,DEPT_SALES,192,1000,771,8,EXCESSIVE
1626,474,DEPT_CANCEL,961,900,474,6,ACCEPTABLE
1627,192,DEPT_CANCEL,1273,1200,192,5,ACCEPTABLE
1628,643,DEPT_SALES,995,1000,643,2,EXCESSIVE
1629,173,DEPT_CANCEL,744,1000,173,8,ACCEPTABLE
1630,1380,DEPT_SUPPORT,1018,1000,1380,7,ACCEPTABLE
1631,646,DEPT_SUPPORT,3,1200,646,9,ACCEPTABLE
1632,924,DEPT_MAIN,1388,900,924,9,ACCEPTABLE
1633,395,DEPT_UPGRADE,866,1200,395,8,SHORT
1634,602,DEPT_SALES,109,900,602,9,EXCESSIVE
1635,729,DEPT_CANCEL,284,1000,729,5,EXCESSIVE
1636,515,DEPT_SUPPORT,1352,1000,515,5,ACCEPTABLE
1637,932,DEPT_SUPPORT,1252,1000,932,9,EXCESSIVE
1638,1115,DEPT_CANCEL,962,1200,1115,5,EXCESSIVE
1639,440,DEPT_SUPPORT,445,900,440,4,EXCESSIVE
1640,1225,DEPT_CANCEL,1158,1000,1225,5,ACCEPTABLE
1641,169,DEPT_SUPPORT,483,1000,169,2,EXCESSIVE
1642,237,DEPT_SALES,820,1200,237,8,ACCEPTABLE
1643,904,DEPT_CANCEL,213,1200,904,9,ACCEPTABLE
1644,87,DEPT_SALES,219,900,87,5,SHORT
1645,875,DEPT_SALES,894,1200,875,4,SHORT
1646,540,DEPT_MAIN,22,1000,540,8,SHORT
1647,977,DEPT_MAIN,404,1200,977,3,SHORT
1648,450,DEPT_UPGRADE,605,900,450,4,SHORT
1649,1172,DEPT_CANCEL,609,900,1172,5,SHORT
1650,393,DEPT_CANCEL,757,900,393,4,ACCEPTABLE
1651,1107,DEPT_UPGRADE,447,1200,1107,1,ACCEPTABLE
1652,736,DEPT_SALES,465,1200,736,6,SHORT
1653,1280,DEPT_SALES,1204,1200,1280,6,SHORT
1654,50,DEPT_MAIN,1272,1000,50,5,ACCEPTABLE
1655,64,DEPT_CANCEL,499,1000,64,1,SHORT
1656,11,DEPT_MAIN,1064,1200,11,5,EXCESSIVE
1657,142,DEPT_SUPPORT,1175,1200,142,9,EXCESSIVE
1658,386,DEPT_CANCEL,1126,900,386,6,EXCESSIVE
1659,846,DEPT_MAIN,186,1200,846,4,ACCEPTABLE
1660,1177,DEPT_CANCEL,151,900,1177,8,ACCEPTABLE
1661,89,DEPT_SALES,215,1000,89,2,EXCESSIVE
1662,857,DEPT_UPGRADE,968,900,857,4,EXCESSIVE
1663,81,DEPT_MAIN,935,1000,81,5,ACCEPTABLE
1664,221,DEPT_UPGRADE,376,1000,221,4,EXCESSIVE
1665,785,DEPT_UPGRADE,1073,1200,785,5,EXCESSIVE
1666,170,DEPT_SALES,653,1200,170,8,EXCESSIVE
1667,153,DEPT_CANCEL,347,1000,153,9,SHORT
1668,1252,DEPT_UPGRADE,1396,1200,1252,3,ACCEPTABLE
1669,192,DEPT_MAIN,1355,1000,192,5,ACCEPTABLE
1670,418,DEPT_SUPPORT,752,1000,418,8,ACCEPTABLE
1671,1122,DEPT_UPGRADE,349,1000,1122,7,EXCESSIVE
1672,6,DEPT_SUPPORT,855,1000,6,3,SHORT
1673,546,DEPT_SUPPORT,1258,900,546,6,EXCESSIVE
1674,781,DEPT_MAIN,821,1200,781,5,SHORT
1675,1244,DEPT_MAIN,211,1000,1244,2,ACCEPTABLE
1676,251,DEPT_UPGRADE,250,1000,251,3,EXCESSIVE
1677,1211,DEPT_MAIN,44,1200,1211,8,EXCESSIVE
1678,181,DEPT_MAIN,72,1000,181,3,SHORT
1679,1211,DEPT_SUPPORT,565,900,1211,8,EXCESSIVE
1680,988,DEPT_MAIN,868,900,988,4,ACCEPTABLE
1681,614,DEPT_MAIN,127,1000,614,7,ACCEPTABLE
1682,1090,DEPT_MAIN,750,1200,1090,5,SHORT
1683,1352,DEPT_SALES,670,900,1352,6,SHORT
1684,568,DEPT_SALES,1381,900,568,7,ACCEPTABLE
1685,661,DEPT_MAIN,849,900,661,5,EXCESSIVE
1686,6,DEPT_MAIN,1000,1000,6,3,SHORT
1687,30,DEPT_UPGRADE,1034,1000,30,8,EXCESSIVE
1688,1320,DEPT_MAIN,231,1200,1320,8,EXCESSIVE
1689,821,DEPT_MAIN,529,1200,821,2,ACCEPTABLE
1690,1055,DEPT_MAIN,1224,1000,1055,1,EXCESSIVE
1691,158,DEPT_CANCEL,1078,1200,158,5,EXCESSIVE
1692,684,DEPT_SALES,1201,900,684,7,EXCESSIVE
1693,493,DEPT_SUPPORT,777,1200,493,5,EXCESSIVE
1694,1049,DEPT_SALES,619,1200,1049,8,ACCEPTABLE
1695,206,DEPT_UPGRADE,951,1200,206,6,SHORT
1696,1184,DEPT_SUPPORT,807,900,1184,9,EXCESSIVE
1697,717,DEPT_SUPPORT,397,900,717,1,EXCESSIVE
1698,1336,DEPT_CANCEL,661,1000,1336,4,EXCESSIVE
1699,104,DEPT_MAIN,163,1200,104,6,EXCESSIVE
1700,512,DEPT_SUPPORT,349,1200,512,1,SHORT
1701,312,DEPT_CANCEL,671,900,312,2,ACCEPTABLE
1702,262,DEPT_SALES,374,1000,262,7,SHORT
1703,54,DEPT_CANCEL,458,1200,54,4,ACCEPTABLE
1704,170,DEPT_UPGRADE,84,1200,170,8,EXCESSIVE
1705,759,DEPT_UPGRADE,1362,1000,759,7,SHORT
1706,1126,DEPT_UPGRADE,574,900,1126,6,SHORT
1707,218,DEPT_SALES,1315,1000,218,9,ACCEPTABLE
1708,150,DEPT_MAIN,982,1000,150,1,EXCESSIVE
1709,732,DEPT_UPGRADE,76,1200,732,5,SHORT
1710,624,DEPT_SALES,316,1200,624,5,SHORT
1711,571,DEPT_UPGRADE,822,1200,571,6,SHORT
1712,129,DEPT_SUPPORT,685,1000,129,4,EXCESSIVE
1713,1350,DEPT_SUPPORT,1039,1200,1350,7,ACCEPTABLE
1714,102,DEPT_SALES,196,1200,102,7,EXCESSIVE
1715,1266,DEPT_SALES,10,1200,1266,8,SHORT
1716,1369,DEPT_CANCEL,130,1200,1369,6,EXCESSIVE
1717,97,DEPT_SALES,936,1000,97,3,SHORT
1718,1196,DEPT_CANCEL,638,1200,1196,8,EXCESSIVE
1719,1379,DEPT_SALES,1169,1000,1379,7,EXCESSIVE
1720,1120,DEPT_SUPPORT,621,1200,1120,8,SHORT
1721,943,DEPT_SALES,476,1000,943,2,ACCEPTABLE
1722,1389,DEPT_CANCEL,1381,1000,1389,6,ACCEPTABLE
1723,1307,DEPT_CANCEL,751,1000,1307,1,ACCEPTABLE
1724,1323,DEPT_UPGRADE,1384,1200,1323,3,SHORT
1725,558,DEPT_SUPPORT,1312,1200,558,2,ACCEPTABLE
1726,1312,DEPT_CANCEL,606,1000,1312,7,SHORT
1727,211,DEPT_SALES,1347,1200,211,9,EXCESSIVE
1728,451,DEPT_SUPPORT,362,1000,451,5,ACCEPTABLE
1729,1082,DEPT_CANCEL,295,900,1082,9,SHORT
1730,462,DEPT_UPGRADE,550,1000,462,4,SHORT
1731,778,DEPT_SUPPORT,220,1000,778,8,ACCEPTABLE
1732,1172,DEPT_SUPPORT,237,1000,1172,5,SHORT
1733,385,DEPT_UPGRADE,692,1200,385,2,ACCEPTABLE
1734,1162,DEPT_SUPPORT,469,1200,1162,5,EXCESSIVE
1735,980,DEPT_UPGRADE,302,900,980,5,ACCEPTABLE
1736,411,DEPT_SUPPORT,279,1000,411,8,SHORT
1737,132,DEPT_SUPPORT,606,1000,132,4,EXCESSIVE
1738,446,DEPT_MAIN,307,1200,446,7,EXCESSIVE
1739,1298,DEPT_UPGRADE,230,1000,1298,5,SHORT
1740,504,DEPT_SALES,257,1000,504,1,ACCEPTABLE
1741,92,DEPT_MAIN,307,1000,92,7,SHORT
1742,1212,DEPT_MAIN,638,1000,1212,3,ACCEPTABLE
1743,1355,DEPT_SALES,980,1200,1355,1,ACCEPTABLE
1744,671,DEPT_SALES,607,1200,671,6,ACCEPTABLE
1745,228,DEPT_CANCEL,34,1000,228,5,EXCESSIVE
1746,219,DEPT_CANCEL,977,1000,219,3,ACCEPTABLE
1747,899,DEPT_SUPPORT,201,1200,899,6,EXCESSIVE
1748,249,DEPT_SALES,552,1200,249,5,SHORT
1749,1002,DEPT_SALES,1396,900,1002,1,ACCEPTABLE
1750,464,DEPT_MAIN,236,1000,464,5,ACCEPTABLE
1751,640,DEPT_MAIN,887,900,640,2,SHORT
1752,50,DEPT_MAIN,500,1000,50,5,ACCEPTABLE
1753,1189,DEPT_CANCEL,1144,1000,1189,1,ACCEPTABLE
1754,466,DEPT_SALES,840,1000,466,7,SHORT
1755,867,DEPT_UPGRADE,819,900,867,5,ACCEPTABLE
1756,580,DEPT_MAIN,191,900,580,5,EXCESSIVE
1757,102,DEPT_SALES,463,900,102,7,EXCESSIVE
1758,113,DEPT_SALES,24,900,113,9,SHORT
1759,1095,DEPT_SUPPORT,1395,1000,1095,3,SHORT
1760,672,DEPT_SALES,1029,900,672,5,EXCESSIVE
1761,1203,DEPT_UPGRADE,1338,1200,1203,5,ACCEPTABLE
1762,768,DEPT_UPGRADE,867,1200,768,6,SHORT
1763,727,DEPT_CANCEL,1113,900,727,9,ACCEPTABLE
1764,160,DEPT_CANCEL,672,1200,160,4,EXCESSIVE
1765,402,DEPT_SALES,490,1200,402,5,SHORT
1766,427,DEPT_SUPPORT,5,1200,427,3,SHORT
1767,1256,DEPT_SALES,438,1200,1256,8,EXCESSIVE
1768,1383,DEPT_UPGRADE,636,900,1383,9,EXCESSIVE
1769,575,DEPT_SALES,647,1200,575,5,EXCESSIVE
1770,1396,DEPT_UPGRADE,1247,1200,1396,2,SHORT
1771,634,DEPT_SALES,57,1200,634,5,EXCESSIVE
1772,1289,DEPT_CANCEL,206,1200,1289,5,EXCESSIVE
1773,1054,DEPT_SALES,210,1200,1054,1,SHORT
1774,905,DEPT_SUPPORT,225,1200,905,1,SHORT
1775,1354,DEPT_SUPPORT,490,1000,1354,7,ACCEPTABLE
1776,330,DEPT_SALES,1345,1000,330,2,ACCEPTABLE
1777,63,DEPT_SALES,1109,1200,63,9,ACCEPTABLE
1778,1134,DEPT_SALES,436,900,1134,8,ACCEPTABLE
1779,360,DEPT_UPGRADE,199,1200,360,3,EXCESSIVE
1780,18,DEPT_UPGRADE,68,1200,18,2,SHORT
1781,266,DEPT_CANCEL,314,900,266,4,EXCESSIVE
1782,122,DEPT_UPGRADE,652,900,122,7,ACCEPTABLE
1783,886,DEPT_CANCEL,269,1200,886,2,EXCESSIVE
1784,761,DEPT_CANCEL,584,1000,761,5,ACCEPTABLE
1785,261,DEPT_SALES,1026,1200,261,9,ACCEPTABLE
1786,905,DEPT_SUPPORT,3,900,905,1,SHORT
1787,1102,DEPT_UPGRADE,1204,1200,1102,1,EXCESSIVE
1788,752,DEPT_SALES,1245,1200,752,2,SHORT
1789,372,DEPT_CANCEL,1012,900,372,7,EXCESSIVE
1790,487,DEPT_CANCEL,224,1000,487,2,SHORT
1791,1144,DEPT_CANCEL,1256,1000,1144,4,EXCESSIVE
1792,236,DEPT_SALES,290,1000,236,7,EXCESSIVE
1793,1198,DEPT_CANCEL,344,900,1198,7,ACCEPTABLE
1794,301,DEPT_MAIN,443,1000,301,2,SHORT
1795,252,DEPT_UPGRADE,816,1200,252,5,SHORT
1796,417,DEPT_SALES,786,900,417,9,ACCEPTABLE
1797,152,DEPT_CANCEL,729,900,152,3,ACCEPTABLE
1798,825,DEPT_CANCEL,944,1200,825,3,SHORT
1799,562,DEPT_MAIN,1154,1000,562,7,EXCESSIVE
1800,1314,DEPT_SUPPORT,820,1000,1314,2,EXCESSIVE
1801,880,DEPT_CANCEL,579,1200,880,1,ACCEPTABLE
1802,1236,DEPT_UPGRADE,908,1200,1236,6,ACCEPTABLE
1803,732,DEPT_SALES,412,1000,732,5,SHORT
1804,542,DEPT_MAIN,876,1000,542,7,EXCESSIVE
1805,1020,DEPT_MAIN,391,1000,1020,3,EXCESSIVE
1806,22,DEPT_CANCEL,280,1000,22,4,EXCESSIVE
1807,44,DEPT_SUPPORT,719,1000,44,6,ACCEPTABLE
1808,879,DEPT_SUPPORT,1173,1000,879,9,SHORT
1809,712,DEPT_CANCEL,1108,1000,712,7,SHORT
1810,32,DEPT_CANCEL,1103,1200,32,9,ACCEPTABLE
1811,860,DEPT_SUPPORT,775,1000,860,4,SHORT
1812,844,DEPT_SALES,789,1200,844,9,SHORT
1813,954,DEPT_SUPPORT,1270,1000,954,8,SHORT
1814,433,DEPT_UPGRADE,888,900,433,8,EXCESSIVE
1815,1239,DEPT_SALES,515,1200,1239,4,ACCEPTABLE
1816,80,DEPT_SALES,129,1000,80,8,EXCESSIVE
1817,802,DEPT_SUPPORT,280,900,802,9,ACCEPTABLE
1818,1178,DEPT_MAIN,680,1200,1178,7,SHORT
1819,224,DEPT_SUPPORT,216,1200,224,7,ACCEPTABLE
1820,1144,DEPT_SUPPORT,202,1000,1144,4,EXCESSIVE
1821,1332,DEPT_SALES,1180,1200,1332,3,ACCEPTABLE
1822,981,DEPT_SALES,1036,1000,981,4,SHORT
1823,99,DEPT_MAIN,232,1000,99,8,EXCESSIVE
1824,299,DEPT_UPGRADE,1203,1200,299,8,ACCEPTABLE
1825,1296,DEPT_SUPPORT,752,900,1296,4,ACCEPTABLE
1826,515,DEPT_MAIN,898,1200,515,5,ACCEPTABLE
1827,1341,DEPT_UPGRADE,473,1200,1341,3,EXCESSIVE
1828,1163,DEPT_UPGRADE,91,900,1163,6,EXCESSIVE
1829,1041,DEPT_SALES,515,900,1041,2,SHORT
1830,711,DEPT_UPGRADE,237,1000,711,3,ACCEPTABLE
1831,229,DEPT_MAIN,38,1200,229,7,ACCEPTABLE
1832,547,DEPT_MAIN,559,1200,547,4,EXCESSIVE
1833,938,DEPT_MAIN,1279,900,938,5,SHORT
1834,175,DEPT_SUPPORT,1275,1000,175,1,EXCESSIVE
1835,871,DEPT_UPGRADE,928,1200,871,5,ACCEPTABLE
1836,482,DEPT_SUPPORT,1078,1000,482,7,EXCESSIVE
1837,194,DEPT_CANCEL,1001,1200,194,2,SHORT
1838,106,DEPT_SUPPORT,584,1000,106,7,EXCESSIVE
1839,235,DEPT_MAIN,1169,1200,235,8,EXCESSIVE
1840,316,DEPT_UPGRADE,329,1200,316,9,ACCEPTABLE
1841,598,DEPT_SUPPORT,144,900,598,1,SHORT
1842,865,DEPT_UPGRADE,1115,1200,865,9,EXCESSIVE
1843,335,DEPT_SALES,524,1000,335,8,EXCESSIVE
1844,858,DEPT_UPGRADE,1362,900,858,2,ACCEPTABLE
1845,27,DEPT_SUPPORT,419,1000,27,7,EXCESSIVE
1846,995,DEPT_CANCEL,777,1000,995,6,SHORT
1847,358,DEPT_UPGRADE,1100,900,358,8,ACCEPTABLE
1848,1249,DEPT_MAIN,345,1000,1249,5,ACCEPTABLE
1849,210,DEPT_CANCEL,675,1000,210,3,SHORT
1850,1075,DEPT_CANCEL,500,900,1075,2,ACCEPTABLE
1851,435,DEPT_SUPPORT,57,1000,435,6,EXCESSIVE
1852,621,DEPT_SALES,327,900,621,2,ACCEPTABLE
1853,20,DEPT_MAIN,52,1000,20,3,EXCESSIVE
1854,1198,DEPT_CANCEL,1134,1000,1198,7,ACCEPTABLE
1855,1387,DEPT_UPGRADE,156,1200,1387,2,EXCESSIVE
1856,918,DEPT_UPGRADE,1202,1200,918,9,ACCEPTABLE
1857,1169,DEPT_CANCEL,768,1200,1169,2,EXCESSIVE
1858,1109,DEPT_SALES,1060,1200,1109,3,EXCESSIVE
1859,1360,DEPT_SUPPORT,259,1200,1360,5,EXCESSIVE
1860,1014,DEPT_SUPPORT,224,900,1014,3,EXCESSIVE
1861,1382,DEPT_MAIN,1179,900,1382,4,ACCEPTABLE
1862,350,DEPT_MAIN,505,1000,350,9,ACCEPTABLE
1863,15,DEPT_UPGRADE,500,1200,15,8,SHORT
1864,1216,DEPT_CANCEL,1291,1000,1216,3,SHORT
1865,34,DEPT_UPGRADE,931,900,34,5,SHORT
1866,230,DEPT_MAIN,482,1000,230,4,EXCESSIVE
1867,1359,DEPT_SALES,1028,1000,1359,7,SHORT
1868,586,DEPT_MAIN,91,1200,586,4,SHORT
1869,894,DEPT_UPGRADE,1270,1000,894,6,EXCESSIVE
1870,1251,DEPT_UPGRADE,894,1200,1251,3,ACCEPTABLE
1871,911,DEPT_SUPPORT,10,1200,911,3,EXCESSIVE
1872,218,DEPT_UPGRADE,319,1200,218,9,ACCEPTABLE
1873,793,DEPT_UPGRADE,913,1200,793,1,ACCEPTABLE
1874,1312,DEPT_CANCEL,666,900,1312,7,SHORT
1875,793,DEPT_CANCEL,533,900,793,1,ACCEPTABLE
1876,123,DEPT_UPGRADE,897,1000,123,3,EXCESSIVE
1877,244,DEPT_SUPPORT,614,900,244,8,SHORT
1878,20,DEPT_CANCEL,257,900,20,3,EXCESSIVE
1879,535,DEPT_SUPPORT,867,1200,535,9,ACCEPTABLE
1880,694,DEPT_SUPPORT,905,900,694,1,EXCESSIVE
1881,207,DEPT_SALES,786,1200,207,4,EXCESSIVE
1882,983,DEPT_CANCEL,435,1000,983,6,SHORT
1883,250,DEPT_SUPPORT,1220,1000,250,9,EXCESSIVE
1884,1393,DEPT_MAIN,230,1000,1393,1,SHORT
1885,1020,DEPT_SALES,692,1200,1020,3,EXCESSIVE
1886,1165,DEPT_UPGRADE,140,1000,1165,2,ACCEPTABLE
1887,503,DEPT_CANCEL,1083,1200,503,7,ACCEPTABLE
1888,910,DEPT_SUPPORT,1019,1200,910,7,EXCESSIVE
1889,1111,DEPT_MAIN,1103,900,1111,2,SHORT
1890,1025,DEPT_UPGRADE,1157,1000,1025,2,EXCESSIVE
1891,706,DEPT_UPGRADE,1293,1200,706,5,SHORT
1892,276,DEPT_MAIN,179,1200,276,6,EXCESSIVE
1893,1367,DEPT_UPGRADE,1357,1000,1367,6,SHORT
1894,55,DEPT_SALES,650,1200,55,1,EXCESSIVE
1895,758,DEPT_MAIN,1103,1000,758,7,SHORT
1896,337,DEPT_UPGRADE,942,1000,337,7,ACCEPTABLE
1897,1276,DEPT_CANCEL,659,900,1276,7,EXCESSIVE
1898,1275,DEPT_SUPPORT,37,1200,1275,9,SHORT
1899,1033,DEPT_MAIN,1000,1200,1033,8,SHORT
1900,496,DEPT_SALES,495,1000,496,5,ACCEPTABLE
1901,86,DEPT_CANCEL,1120,1200,86,2,EXCESSIVE
1902,560,DEPT_SALES,613,1000,560,7,EXCESSIVE
1903,567,DEPT_UPGRADE,151,900,567,5,SHORT
1904,959,DEPT_SUPPORT,48,1000,959,6,EXCESSIVE
1905,1098,DEPT_SUPPORT,729,1200,1098,8,EXCESSIVE
1906,1269,DEPT_SALES,1054,1000,1269,8,EXCESSIVE
1907,1156,DEPT_MAIN,82,1200,1156,3,ACCEPTABLE
1908,132,DEPT_MAIN,742,1200,132,4,EXCESSIVE
1909,132,DEPT_MAIN,642,900,132,4,EXCESSIVE
1910,455,DEPT_CANCEL,1140,1000,455,1,ACCEPTABLE
1911,576,DEPT_MAIN,893,900,576,8,ACCEPTABLE
1912,797,DEPT_UPGRADE,27,1000,797,3,EXCESSIVE
1913,376,DEPT_CANCEL,820,900,376,8,SHORT
1914,744,DEPT_CANCEL,1250,900,744,2,SHORT
1915,333,DEPT_SUPPORT,284,900,333,5,ACCEPTABLE
1916,1274,DEPT_SUPPORT,575,900,1274,8,ACCEPTABLE
1917,656,DEPT_SUPPORT,686,1000,656,5,EXCESSIVE
1918,1103,DEPT_UPGRADE,210,1000,1103,5,SHORT
1919,523,DEPT_SALES,1203,1000,523,5,SHORT
1920,918,DEPT_SUPPORT,1113,900,918,9,ACCEPTABLE
1921,584,DEPT_MAIN,317,1000,584,3,ACCEPTABLE
1922,633,DEPT_MAIN,638,1000,633,8,SHORT
1923,1123,DEPT_SALES,452,1200,1123,1,ACCEPTABLE
1924,412,DEPT_UPGRADE,36,900,412,6,EXCESSIVE
1925,703,DEPT_UPGRADE,83,900,703,7,EXCESSIVE
1926,623,DEPT_CANCEL,836,1000,623,4,ACCEPTABLE
1927,1398,DEPT_SALES,427,1200,1398,9,EXCESSIVE
1928,1393,DEPT_UPGRADE,1007,1200,1393,1,SHORT
1929,331,DEPT_SUPPORT,1294,900,331,8,SHORT
1930,298,DEPT_CANCEL,1163,1000,298,7,EXCESSIVE
1931,399,DEPT_MAIN,391,1000,399,4,ACCEPTABLE
1932,1001,DEPT_SALES,20,1200,1001,1,EXCESSIVE
1933,498,DEPT_SUPPORT,781,900,498,1,SHORT
1934,1195,DEPT_UPGRADE,59,1200,1195,9,ACCEPTABLE
1935,122,DEPT_UPGRADE,861,1000,122,7,ACCEPTABLE
1936,747,DEPT_UPGRADE,429,900,747,8,EXCESSIVE
1937,1115,DEPT_UPGRADE,56,1000,1115,5,EXCESSIVE
1938,835,DEPT_CANCEL,1322,1200,835,8,EXCESSIVE
1939,998,DEPT_MAIN,601,900,998,3,ACCEPTABLE
1940,796,DEPT_UPGRADE,1156,900,796,3,SHORT
1941,245,DEPT_SALES,330,1200,245,2,ACCEPTABLE
1942,906,DEPT_UPGRADE,333,1000,906,3,EXCESSIVE
1943,380,DEPT_SUPPORT,414,1200,380,2,EXCESSIVE
1944,691,DEPT_UPGRADE,672,1000,691,7,ACCEPTABLE
1945,1025,DEPT_MAIN,58,1200,1025,2,EXCESSIVE
1946,863,DEPT_SALES,1098,900,863,7,SHORT
1947,166,DEPT_SUPPORT,1158,1000,166,3,SHORT
1948,1184,DEPT_MAIN,1298,1000,1184,9,EXCESSIVE
1949,1185,DEPT_MAIN,1315,900,1185,4,EXCESSIVE
1950,1313,DEPT_SUPPORT,278,1000,1313,6,EXCESSIVE
1951,1130,DEPT_SUPPORT,597,1000,1130,8,SHORT
1952,1378,DEPT_CANCEL,287,1000,1378,2,ACCEPTABLE
1953,117,DEPT_UPGRADE,849,1200,117,1,SHORT
1954,807,DEPT_UPGRADE,460,900,807,1,EXCESSIVE
1955,823,DEPT_MAIN,377,900,823,2,EXCESSIVE
1956,327,DEPT_SALES,1062,1000,327,1,SHORT
1957,1363,DEPT_CANCEL,57,1200,1363,7,SHORT
1958,975,DEPT_CANCEL,655,1200,975,9,SHORT
1959,621,DEPT_SUPPORT,715,1200,621,2,ACCEPTABLE
1960,1184,DEPT_CANCEL,1369,1200,1184,9,EXCESSIVE
1961,253,DEPT_SALES,794,1000,253,7,ACCEPTABLE
1962,522,DEPT_CANCEL,979,1200,522,2,SHORT
1963,633,DEPT_UPGRADE,358,1000,633,8,SHORT
1964,1016,DEPT_SUPPORT,1394,1000,1016,5,EXCESSIVE
1965,825,DEPT_UPGRADE,1222,1000,825,3,SHORT
1966,412,DEPT_MAIN,718,1200,412,6,EXCESSIVE
1967,321,DEPT_SUPPORT,677,1200,321,7,ACCEPTABLE
1968,205,DEPT_SUPPORT,1138,1000,205,5,ACCEPTABLE
1969,225,DEPT_CANCEL,538,1200,225,1,ACCEPTABLE
1970,1088,DEPT_MAIN,159,1200,1088,8,SHORT
1971,1347,DEPT_MAIN,768,1000,1347,5,EXCESSIVE
1972,1310,DEPT_CANCEL,11,1000,1310,9,EXCESSIVE
1973,544,DEPT_SUPPORT,156,1000,544,2,SHORT
1974,248,DEPT_MAIN,592,900,248,2,ACCEPTABLE
1975,1084,DEPT_MAIN,498,1000,1084,9,SHORT
1976,765,DEPT_UPGRADE,1249,1000,765,5,SHORT
1977,590,DEPT_CANCEL,1130,1200,590,5,ACCEPTABLE
1978,1253,DEPT_CANCEL,1233,1200,1253,7,SHORT
1979,1388,DEPT_UPGRADE,614,900,1388,5,SHORT
1980,1261,DEPT_MAIN,1231,1200,1261,1,SHORT
1981,751,DEPT_SALES,500,900,751,4,SHORT
1982,832,DEPT_MAIN,265,1000,832,7,EXCESSIVE
1983,105,DEPT_SALES,420,900,105,8,ACCEPTABLE
1984,1088,DEPT_CANCEL,652,900,1088,8,SHORT
1985,487,DEPT_MAIN,639,900,487,2,SHORT
1986,183,DEPT_UPGRADE,374,1200,183,2,EXCESSIVE
1987,1257,DEPT_SALES,676,1000,1257,7,ACCEPTABLE
1988,788,DEPT_SALES,1358,1000,788,2,SHORT
1989,1134,DEPT_UPGRADE,751,1200,1134,8,ACCEPTABLE
1990,128,DEPT_SUPPORT,1021,1000,128,9,EXCESSIVE
1991,764,DEPT_MAIN,723,900,764,8,EXCESSIVE
1992,427,DEPT_SUPPORT,1162,1000,427,3,SHORT
1993,1028,DEPT_SUPPORT,1294,1000,1028,2,EXCESSIVE
1994,823,DEPT_SUPPORT,486,1200,823,2,EXCESSIVE
1995,499,DEPT_SUPPORT,696,1200,499,5,SHORT
1996,611,DEPT_UPGRADE,536,900,611,3,SHORT
1997,493,DEPT_MAIN,617,1200,493,5,EXCESSIVE
1998,521,DEPT_CANCEL,1152,1000,521,3,EXCESSIVE
1999,407,DEPT_SALES,1390,1000,407,2,SHORT
