0,3,ACCEPTABLE
1,7,SHORT
2,1,SHORT
3,6,SHORT
4,6,SHORT
5,9,EXCESSIVE
6,7,EXCESSIVE
7,7,EXCESSIVE
8,9,ACCEPTABLE
9,8,SHORT
10,4,ACCEPTABLE
11,3,SHORT
12,6,EXCESSIVE
13,3,EXCESSIVE
14,1,EXCESSIVE
15,7,EXCESSIVE
16,3,EXCESSIVE
17,6,ACCEPTABLE
18,8,ACCEPTABLE
19,6,SHORT
20,1,EXCESSIVE
21,2,SHORT
22,9,ACCEPTABLE
23,8,ACCEPTABLE
24,1,EXCESSIVE
25,9,SHORT
26,3,EXCESSIVE
27,1,SHORT
28,7,SHORT
29,5,EXCESSIVE
30,7,ACCEPTABLE
31,4,EXCESSIVE
32,9,EXCESSIVE
33,5,EXCESSIVE
34,9,EXCESSIVE
35,5,EXCESSIVE
36,3,ACCEPTABLE
37,4,ACCEPTABLE
38,8,SHORT
39,7,SHORT
40,1,SHORT
41,4,SHORT
42,7,EXCESSIVE
43,6,EXCESSIVE
44,2,SHORT
45,4,EXCESSIVE
46,1,EXCESSIVE
47,1,ACCEPTABLE
48,9,SHORT
49,4,EXCESSIVE
50,2,ACCEPTABLE
51,2,ACCEPTABLE
52,3,ACCEPTABLE
53,6,SHORT
54,5,ACCEPTABLE
55,7,EXCESSIVE
56,4,EXCESSIVE
57,7,ACCEPTABLE
58,1,SHORT
59,1,ACCEPTABLE
60,3,SHORT
61,2,ACCEPTABLE
62,5,EXCESSIVE
63,9,EXCESSIVE
64,6,ACCEPTABLE
65,8,EXCESSIVE
66,9,ACCEPTABLE
67,4,SHORT
68,8,SHORT
69,5,SHORT
70,3,ACCEPTABLE
71,5,ACCEPTABLE
72,4,ACCEPTABLE
73,7,EXCESSIVE
74,1,SHORT
75,3,EXCESSIVE
76,5,EXCESSIVE
77,6,EXCESSIVE
78,2,SHORT
79,8,ACCEPTABLE
80,9,SHORT
81,3,ACCEPTABLE
82,7,ACCEPTABLE
83,5,ACCEPTABLE
84,8,SHORT
85,4,EXCESSIVE
86,1,ACCEPTABLE
87,4,ACCEPTABLE
88,2,SHORT
89,9,ACCEPTABLE
90,7,SHORT
91,5,EXCESSIVE
92,2,SHORT
93,4,EXCESSIVE
94,9,ACCEPTABLE
95,1,ACCEPTABLE
96,7,EXCESSIVE
97,6,EXCESSIVE
98,3,EXCESSIVE
99,5,ACCEPTABLE
100,3,ACCEPTABLE
101,7,EXCESSIVE
102,8,EXCESSIVE
103,9,ACCEPTABLE
104,9,ACCEPTABLE
105,8,ACCEPTABLE
106,3,SHORT
107,4,EXCESSIVE
108,7,SHORT
109,6,EXCESSIVE
110,2,ACCEPTABLE
111,1,SHORT
112,6,EXCESSIVE
113,8,EXCESSIVE
114,6,EXCESSIVE
115,8,ACCEPTABLE
116,6,ACCEPTABLE
117,8,EXCESSIVE
118,1,ACCEPTABLE
119,3,SHORT
120,4,EXCESSIVE
121,6,EXCESSIVE
122,5,ACCEPTABLE
123,2,SHORT
124,5,SHORT
125,6,ACCEPTABLE
126,5,ACCEPTABLE
127,7,EXCESSIVE
128,6,SHORT
129,2,ACCEPTABLE
130,9,ACCEPTABLE
131,6,EXCESSIVE
132,6,EXCESSIVE
133,7,SHORT
134,7,ACCEPTABLE
135,9,EXCESSIVE
136,5,ACCEPTABLE
137,9,SHORT
138,4,SHORT
139,2,ACCEPTABLE
140,4,ACCEPTABLE
141,5,EXCESSIVE
142,8,EXCESSIVE
143,1,EXCESSIVE
144,2,ACCEPTABLE
145,3,ACCEPTABLE
146,4,EXCESSIVE
147,7,ACCEPTABLE
148,5,SHORT
149,4,ACCEPTABLE
150,9,EXCESSIVE
151,7,EXCESSIVE
152,8,ACCEPTABLE
153,2,ACCEPTABLE
154,5,EXCESSIVE
155,1,ACCEPTABLE
156,6,ACCEPTABLE
157,9,ACCEPTABLE
158,4,SHORT
159,6,ACCEPTABLE
160,3,ACCEPTABLE
161,2,ACCEPTABLE
162,9,SHORT
163,7,ACCEPTABLE
164,6,EXCESSIVE
165,2,ACCEPTABLE
166,6,ACCEPTABLE
167,3,EXCESSIVE
168,8,EXCESSIVE
169,9,EXCESSIVE
170,9,EXCESSIVE
171,6,SHORT
172,9,ACCEPTABLE
173,7,ACCEPTABLE
174,6,ACCEPTABLE
175,9,SHORT
176,7,EXCESSIVE
177,8,EXCESSIVE
178,6,ACCEPTABLE
179,2,EXCESSIVE
180,1,ACCEPTABLE
181,6,EXCESSIVE
182,1,SHORT
183,1,ACCEPTABLE
184,9,SHORT
185,6,ACCEPTABLE
186,3,SHORT
187,8,SHORT
188,1,ACCEPTABLE
189,5,EXCESSIVE
190,3,ACCEPTABLE
191,3,ACCEPTABLE
192,1,EXCESSIVE
193,4,ACCEPTABLE
194,4,SHORT
195,5,SHORT
196,4,SHORT
197,2,ACCEPTABLE
198,3,ACCEPTABLE
199,9,EXCESSIVE
200,8,SHORT
201,4,EXCESSIVE
202,5,SHORT
203,4,SHORT
204,6,SHORT
205,9,ACCEPTABLE
206,3,EXCESSIVE
207,2,ACCEPTABLE
208,9,EXCESSIVE
209,2,ACCEPTABLE
210,1,SHORT
211,9,ACCEPTABLE
212,4,SHORT
213,3,SHORT
214,1,ACCEPTABLE
215,9,SHORT
216,2,SHORT
217,6,ACCEPTABLE
218,4,SHORT
219,2,EXCESSIVE
220,8,EXCESSIVE
221,9,EXCESSIVE
222,6,SHORT
223,9,EXCESSIVE
224,2,EXCESSIVE
225,3,ACCEPTABLE
226,9,EXCESSIVE
227,1,SHORT
228,4,SHORT
229,6,ACCEPTABLE
230,1,EXCESSIVE
231,3,EXCESSIVE
232,7,ACCEPTABLE
233,1,ACCEPTABLE
234,5,SHORT
235,3,ACCEPTABLE
236,8,EXCESSIVE
237,9,EXCESSIVE
238,6,ACCEPTABLE
239,7,ACCEPTABLE
240,2,SHORT
241,7,ACCEPTABLE
242,3,EXCESSIVE
243,2,EXCESSIVE
244,4,EXCESSIVE
245,7,EXCESSIVE
246,6,EXCESSIVE
247,4,ACCEPTABLE
248,6,EXCESSIVE
249,3,EXCESSIVE
250,3,EXCESSIVE
251,2,SHORT
252,4,EXCESSIVE
253,6,ACCEPTABLE
254,1,SHORT
255,3,SHORT
256,1,ACCEPTABLE
257,2,ACCEPTABLE
258,1,ACCEPTABLE
259,3,SHORT
260,7,EXCESSIVE
261,9,EXCESSIVE
262,1,ACCEPTABLE
263,6,ACCEPTABLE
264,3,EXCESSIVE
265,5,ACCEPTABLE
266,3,EXCESSIVE
267,3,SHORT
268,7,ACCEPTABLE
269,3,ACCEPTABLE
270,9,ACCEPTABLE
271,8,SHORT
272,3,SHORT
273,9,ACCEPTABLE
274,3,SHORT
275,6,ACCEPTABLE
276,8,EXCESSIVE
277,8,ACCEPTABLE
278,4,EXCESSIVE
279,8,SHORT
280,1,EXCESSIVE
281,7,EXCESSIVE
282,9,SHORT
283,6,SHORT
284,1,ACCEPTABLE
285,5,ACCEPTABLE
286,6,ACCEPTABLE
287,8,ACCEPTABLE
288,2,ACCEPTABLE
289,2,SHORT
290,9,EXCESSIVE
291,1,SHORT
292,3,EXCESSIVE
293,3,SHORT
294,5,ACCEPTABLE
295,6,ACCEPTABLE
296,5,SHORT
297,8,ACCEPTABLE
298,4,ACCEPTABLE
299,9,EXCESSIVE
300,6,EXCESSIVE
301,5,ACCEPTABLE
302,6,SHORT
303,2,ACCEPTABLE
304,8,EXCESSIVE
305,9,EXCESSIVE
306,1,ACCEPTABLE
307,1,SHORT
308,1,SHORT
309,6,ACCEPTABLE
310,9,EXCESSIVE
311,2,SHORT
312,1,SHORT
313,5,SHORT
314,9,EXCESSIVE
315,6,SHORT
316,3,ACCEPTABLE
317,7,ACCEPTABLE
318,4,ACCEPTABLE
319,2,EXCESSIVE
320,7,EXCESSIVE
321,8,SHORT
322,6,ACCEPTABLE
323,2,ACCEPTABLE
324,4,EXCESSIVE
325,5,EXCESSIVE
326,3,EXCESSIVE
327,1,ACCEPTABLE
328,6,ACCEPTABLE
329,8,SHORT
330,8,ACCEPTABLE
331,9,EXCESSIVE
332,4,SHORT
333,8,EXCESSIVE
334,2,EXCESSIVE
335,3,ACCEPTABLE
336,6,ACCEPTABLE
337,9,SHORT
338,3,SHORT
339,4,EXCESSIVE
340,9,SHORT
341,4,EXCESSIVE
342,4,SHORT
343,1,EXCESSIVE
344,9,ACCEPTABLE
345,3,EXCESSIVE
346,4,ACCEPTABLE
347,8,SHORT
348,4,EXCESSIVE
349,1,SHORT
350,2,ACCEPTABLE
351,4,EXCESSIVE
352,6,SHORT
353,3,EXCESSIVE
354,9,ACCEPTABLE
355,9,SHORT
356,8,SHORT
357,6,ACCEPTABLE
358,1,SHORT
359,1,EXCESSIVE
360,6,SHORT
361,2,EXCESSIVE
362,7,ACCEPTABLE
363,7,SHORT
364,7,EXCESSIVE
365,9,EXCESSIVE
366,9,SHORT
367,4,EXCESSIVE
368,3,ACCEPTABLE
369,7,SHORT
370,2,SHORT
371,2,SHORT
372,4,EXCESSIVE
373,1,SHORT
374,9,ACCEPTABLE
375,2,EXCESSIVE
376,2,ACCEPTABLE
377,9,ACCEPTABLE
378,1,EXCESSIVE
379,1,EXCESSIVE
380,5,SHORT
381,5,ACCEPTABLE
382,6,SHORT
383,2,ACCEPTABLE
384,6,SHORT
385,9,SHORT
386,1,EXCESSIVE
387,7,SHORT
388,8,ACCEPTABLE
389,7,ACCEPTABLE
390,9,EXCESSIVE
391,2,EXCESSIVE
392,6,ACCEPTABLE
393,4,SHORT
394,1,SHORT
395,9,SHORT
396,9,SHORT
397,3,SHORT
398,6,SHORT
399,5,ACCEPTABLE
400,9,EXCESSIVE
401,9,EXCESSIVE
402,3,ACCEPTABLE
403,9,EXCESSIVE
404,6,SHORT
405,3,SHORT
406,4,SHORT
407,3,ACCEPTABLE
408,5,EXCESSIVE
409,8,ACCEPTABLE
410,8,SHORT
411,3,SHORT
412,2,SHORT
413,3,ACCEPTABLE
414,8,SHORT
415,5,ACCEPTABLE
416,8,EXCESSIVE
417,1,EXCESSIVE
418,9,ACCEPTABLE
419,8,SHORT
420,4,EXCESSIVE
421,1,EXCESSIVE
422,1,EXCESSIVE
423,3,EXCESSIVE
424,9,ACCEPTABLE
425,5,ACCEPTABLE
426,6,ACCEPTABLE
427,9,ACCEPTABLE
428,1,EXCESSIVE
429,9,SHORT
430,4,SHORT
431,3,EXCESSIVE
432,2,EXCESSIVE
433,4,SHORT
434,2,ACCEPTABLE
435,3,ACCEPTABLE
436,5,SHORT
437,5,SHORT
438,8,EXCESSIVE
439,4,SHORT
440,7,ACCEPTABLE
441,7,ACCEPTABLE
442,2,ACCEPTABLE
443,5,SHORT
444,5,EXCESSIVE
445,3,EXCESSIVE
446,4,SHORT
447,4,SHORT
448,1,EXCESSIVE
449,5,ACCEPTABLE
450,3,ACCEPTABLE
451,3,ACCEPTABLE
452,3,ACCEPTABLE
453,6,SHORT
454,1,SHORT
455,2,SHORT
456,8,SHORT
457,8,EXCESSIVE
458,3,SHORT
459,6,SHORT
460,8,SHORT
461,8,SHORT
462,4,EXCESSIVE
463,9,ACCEPTABLE
464,4,SHORT
465,4,SHORT
466,1,ACCEPTABLE
467,9,SHORT
468,3,ACCEPTABLE
469,7,ACCEPTABLE
470,2,SHORT
471,5,EXCESSIVE
472,8,SHORT
473,1,ACCEPTABLE
474,6,SHORT
475,1,EXCESSIVE
476,4,SHORT
477,8,SHORT
478,7,EXCESSIVE
479,7,ACCEPTABLE
480,8,EXCESSIVE
481,3,SHORT
482,7,EXCESSIVE
483,6,ACCEPTABLE
484,8,EXCESSIVE
485,8,EXCESSIVE
486,4,EXCESSIVE
487,4,SHORT
488,8,EXCESSIVE
489,3,SHORT
490,5,ACCEPTABLE
491,9,SHORT
492,6,EXCESSIVE
493,6,ACCEPTABLE
494,8,SHORT
495,3,ACCEPTABLE
496,6,EXCESSIVE
497,9,SHORT
498,4,SHORT
499,3,SHORT
500,6,EXCESSIVE
501,1,SHORT
502,7,SHORT
503,2,ACCEPTABLE
504,6,ACCEPTABLE
505,9,SHORT
506,2,ACCEPTABLE
507,6,SHORT
508,6,ACCEPTABLE
509,2,SHORT
510,1,ACCEPTABLE
511,5,EXCESSIVE
512,9,EXCESSIVE
513,9,ACCEPTABLE
514,7,EXCESSIVE
515,5,EXCESSIVE
516,3,EXCESSIVE
517,9,SHORT
518,7,ACCEPTABLE
519,8,SHORT
520,4,ACCEPTABLE
521,7,SHORT
522,5,ACCEPTABLE
523,4,SHORT
524,2,ACCEPTABLE
525,7,ACCEPTABLE
526,7,EXCESSIVE
527,6,SHORT
528,9,EXCESSIVE
529,2,EXCESSIVE
530,1,SHORT
531,7,SHORT
532,8,ACCEPTABLE
533,9,EXCESSIVE
534,2,EXCESSIVE
535,7,SHORT
536,4,EXCESSIVE
537,3,EXCESSIVE
538,3,ACCEPTABLE
539,2,EXCESSIVE
540,2,SHORT
541,4,SHORT
542,6,ACCEPTABLE
543,6,ACCEPTABLE
544,4,EXCESSIVE
545,9,EXCESSIVE
546,3,EXCESSIVE
547,6,SHORT
548,2,SHORT
549,7,ACCEPTABLE
550,1,EXCESSIVE
551,4,EXCESSIVE
552,1,SHORT
553,8,ACCEPTABLE
554,8,ACCEPTABLE
555,3,EXCESSIVE
556,1,ACCEPTABLE
557,5,ACCEPTABLE
558,1,SHORT
559,5,SHORT
560,1,SHORT
561,6,SHORT
562,9,ACCEPTABLE
563,5,ACCEPTABLE
564,9,EXCESSIVE
565,6,SHORT
566,3,ACCEPTABLE
567,1,EXCESSIVE
568,8,SHORT
569,5,SHORT
570,4,SHORT
571,7,SHORT
572,7,EXCESSIVE
573,6,EXCESSIVE
574,2,ACCEPTABLE
575,8,ACCEPTABLE
576,6,ACCEPTABLE
577,8,ACCEPTABLE
578,7,EXCESSIVE
579,6,ACCEPTABLE
580,6,ACCEPTABLE
581,8,ACCEPTABLE
582,1,SHORT
583,7,EXCESSIVE
584,5,ACCEPTABLE
585,8,ACCEPTABLE
586,3,ACCEPTABLE
587,9,ACCEPTABLE
588,9,ACCEPTABLE
589,4,EXCESSIVE
590,3,SHORT
591,3,ACCEPTABLE
592,3,EXCESSIVE
593,8,SHORT
594,3,SHORT
595,5,EXCESSIVE
596,4,SHORT
597,7,EXCESSIVE
598,8,SHORT
599,2,SHORT
600,6,SHORT
601,6,ACCEPTABLE
602,3,ACCEPTABLE
603,3,ACCEPTABLE
604,3,SHORT
605,8,ACCEPTABLE
606,8,ACCEPTABLE
607,1,SHORT
608,4,ACCEPTABLE
609,4,SHORT
610,2,SHORT
611,5,SHORT
612,1,ACCEPTABLE
613,2,ACCEPTABLE
614,2,EXCESSIVE
615,8,ACCEPTABLE
616,5,EXCESSIVE
617,4,SHORT
618,5,EXCESSIVE
619,1,EXCESSIVE
620,6,EXCESSIVE
621,3,EXCESSIVE
622,9,SHORT
623,5,EXCESSIVE
624,9,EXCESSIVE
625,9,ACCEPTABLE
626,6,EXCESSIVE
627,2,EXCESSIVE
628,4,ACCEPTABLE
629,3,SHORT
630,1,ACCEPTABLE
631,4,SHORT
632,2,EXCESSIVE
633,1,EXCESSIVE
634,4,ACCEPTABLE
635,4,EXCESSIVE
636,3,SHORT
637,2,SHORT
638,7,EXCESSIVE
639,3,EXCESSIVE
640,2,EXCESSIVE
641,9,EXCESSIVE
642,7,EXCESSIVE
643,8,EXCESSIVE
644,7,ACCEPTABLE
645,9,ACCEPTABLE
646,1,ACCEPTABLE
647,3,ACCEPTABLE
648,6,SHORT
649,4,SHORT
650,3,EXCESSIVE
651,6,SHORT
652,6,EXCESSIVE
653,5,EXCESSIVE
654,2,ACCEPTABLE
655,4,SHORT
656,3,ACCEPTABLE
657,6,EXCESSIVE
658,1,EXCESSIVE
659,5,SHORT
660,3,SHORT
661,5,EXCESSIVE
662,3,ACCEPTABLE
663,7,SHORT
664,8,EXCESSIVE
665,2,ACCEPTABLE
666,2,SHORT
667,9,ACCEPTABLE
668,1,EXCESSIVE
669,3,EXCESSIVE
670,7,EXCESSIVE
671,6,ACCEPTABLE
672,8,SHORT
673,3,ACCEPTABLE
674,4,SHORT
675,9,EXCESSIVE
676,9,SHORT
677,4,SHORT
678,9,SHORT
679,7,ACCEPTABLE
680,3,EXCESSIVE
681,2,SHORT
682,2,ACCEPTABLE
683,3,EXCESSIVE
684,1,EXCESSIVE
685,2,EXCESSIVE
686,8,SHORT
687,8,ACCEPTABLE
688,7,SHORT
689,8,ACCEPTABLE
690,9,EXCESSIVE
691,4,SHORT
692,9,ACCEPTABLE
693,7,ACCEPTABLE
694,8,ACCEPTABLE
695,4,ACCEPTABLE
696,6,EXCESSIVE
697,9,EXCESSIVE
698,4,SHORT
699,8,ACCEPTABLE
700,6,EXCESSIVE
701,5,EXCESSIVE
702,2,ACCEPTABLE
703,1,SHORT
704,2,ACCEPTABLE
705,6,ACCEPTABLE
706,6,EXCESSIVE
707,6,ACCEPTABLE
708,2,EXCESSIVE
709,2,ACCEPTABLE
710,6,ACCEPTABLE
711,4,SHORT
712,9,EXCESSIVE
713,4,SHORT
714,9,SHORT
715,6,ACCEPTABLE
716,6,SHORT
717,7,SHORT
718,4,EXCESSIVE
719,4,EXCESSIVE
720,3,ACCEPTABLE
721,3,SHORT
722,9,EXCESSIVE
723,6,ACCEPTABLE
724,5,SHORT
725,4,EXCESSIVE
726,6,ACCEPTABLE
727,8,EXCESSIVE
728,8,EXCESSIVE
729,8,EXCESSIVE
730,1,EXCESSIVE
731,8,ACCEPTABLE
732,7,SHORT
733,7,ACCEPTABLE
734,6,SHORT
735,1,EXCESSIVE
736,9,ACCEPTABLE
737,7,SHORT
738,6,ACCEPTABLE
739,4,SHORT
740,9,ACCEPTABLE
741,6,SHORT
742,7,SHORT
743,6,ACCEPTABLE
744,7,ACCEPTABLE
745,1,EXCESSIVE
746,6,EXCESSIVE
747,3,ACCEPTABLE
748,6,SHORT
749,5,SHORT
750,1,EXCESSIVE
751,8,SHORT
752,8,ACCEPTABLE
753,4,EXCESSIVE
754,4,ACCEPTABLE
755,5,SHORT
756,4,SHORT
757,6,EXCESSIVE
758,4,SHORT
759,1,ACCEPTABLE
760,7,SHORT
761,2,ACCEPTABLE
762,9,SHORT
763,2,EXCESSIVE
764,4,ACCEPTABLE
765,7,SHORT
766,8,EXCESSIVE
767,6,ACCEPTABLE
768,7,SHORT
769,6,EXCESSIVE
770,5,EXCESSIVE
771,9,SHORT
772,7,SHORT
773,8,ACCEPTABLE
774,6,SHORT
775,8,SHORT
776,9,ACCEPTABLE
777,7,SHORT
778,4,ACCEPTABLE
779,2,EXCESSIVE
780,3,SHORT
781,9,SHORT
782,6,SHORT
783,4,SHORT
784,1,SHORT
785,3,EXCESSIVE
786,9,ACCEPTABLE
787,2,EXCESSIVE
788,4,SHORT
789,6,EXCESSIVE
790,7,SHORT
791,5,EXCESSIVE
792,6,ACCEPTABLE
793,1,EXCESSIVE
794,1,EXCESSIVE
795,3,EXCESSIVE
796,5,ACCEPTABLE
797,6,EXCESSIVE
798,8,SHORT
799,2,EXCESSIVE
800,1,SHORT
801,8,ACCEPTABLE
802,1,EXCESSIVE
803,6,EXCESSIVE
804,9,EXCESSIVE
805,2,ACCEPTABLE
806,7,EXCESSIVE
807,7,ACCEPTABLE
808,2,EXCESSIVE
809,9,EXCESSIVE
810,9,EXCESSIVE
811,4,EXCESSIVE
812,3,SHORT
813,8,EXCESSIVE
814,2,EXCESSIVE
815,1,ACCEPTABLE
816,8,SHORT
817,4,EXCESSIVE
818,9,SHORT
819,5,SHORT
820,7,ACCEPTABLE
821,9,SHORT
822,1,SHORT
823,6,SHORT
824,6,EXCESSIVE
825,8,ACCEPTABLE
826,5,SHORT
827,4,SHORT
828,8,SHORT
829,9,SHORT
830,6,EXCESSIVE
831,9,ACCEPTABLE
832,2,SHORT
833,6,ACCEPTABLE
834,4,SHORT
835,5,ACCEPTABLE
836,7,SHORT
837,8,EXCESSIVE
838,3,SHORT
839,6,EXCESSIVE
840,3,ACCEPTABLE
841,3,SHORT
842,6,SHORT
843,8,EXCESSIVE
844,2,EXCESSIVE
845,1,EXCESSIVE
846,1,SHORT
847,7,SHORT
848,2,SHORT
849,3,SHORT
850,2,ACCEPTABLE
851,1,SHORT
852,2,SHORT
853,1,SHORT
854,3,EXCESSIVE
855,3,EXCESSIVE
856,4,EXCESSIVE
857,5,EXCESSIVE
858,2,ACCEPTABLE
859,9,SHORT
860,9,EXCESSIVE
861,6,SHORT
862,6,ACCEPTABLE
863,1,ACCEPTABLE
864,1,SHORT
865,2,ACCEPTABLE
866,3,ACCEPTABLE
867,5,EXCESSIVE
868,2,ACCEPTABLE
869,2,EXCESSIVE
870,2,SHORT
871,3,SHORT
872,2,EXCESSIVE
873,2,ACCEPTABLE
874,4,SHORT
875,7,ACCEPTABLE
876,4,EXCESSIVE
877,1,ACCEPTABLE
878,8,EXCESSIVE
879,3,SHORT
880,9,ACCEPTABLE
881,2,SHORT
882,2,ACCEPTABLE
883,3,SHORT
884,1,ACCEPTABLE
885,9,ACCEPTABLE
886,7,EXCESSIVE
887,4,EXCESSIVE
888,7,EXCESSIVE
889,1,EXCESSIVE
890,9,ACCEPTABLE
891,4,ACCEPTABLE
892,5,EXCESSIVE
893,1,EXCESSIVE
894,8,EXCESSIVE
895,8,SHORT
896,6,ACCEPTABLE
897,5,SHORT
898,9,ACCEPTABLE
899,7,SHORT
900,1,EXCESSIVE
901,1,SHORT
902,1,SHORT
903,7,EXCESSIVE
904,2,SHORT
905,7,EXCESSIVE
906,3,SHORT
907,9,EXCESSIVE
908,4,EXCESSIVE
909,2,ACCEPTABLE
910,2,EXCESSIVE
911,5,ACCEPTABLE
912,7,SHORT
913,5,SHORT
914,7,ACCEPTABLE
915,4,SHORT
916,5,ACCEPTABLE
917,6,ACCEPTABLE
918,7,EXCESSIVE
919,3,EXCESSIVE
920,3,SHORT
921,8,SHORT
922,3,EXCESSIVE
923,1,SHORT
924,6,EXCESSIVE
925,9,SHORT
926,4,ACCEPTABLE
927,4,EXCESSIVE
928,1,EXCESSIVE
929,4,EXCESSIVE
930,5,SHORT
931,3,ACCEPTABLE
932,1,SHORT
933,1,SHORT
934,5,SHORT
935,5,SHORT
936,8,ACCEPTABLE
937,5,ACCEPTABLE
938,9,EXCESSIVE
939,7,SHORT
940,8,ACCEPTABLE
941,1,EXCESSIVE
942,7,EXCESSIVE
943,4,ACCEPTABLE
944,6,EXCESSIVE
945,6,SHORT
946,7,SHORT
947,9,EXCESSIVE
948,3,ACCEPTABLE
949,8,ACCEPTABLE
950,1,SHORT
951,6,ACCEPTABLE
952,6,ACCEPTABLE
953,5,ACCEPTABLE
954,8,ACCEPTABLE
955,8,EXCESSIVE
956,9,EXCESSIVE
957,4,ACCEPTABLE
958,8,SHORT
959,6,EXCESSIVE
960,4,ACCEPTABLE
961,9,ACCEPTABLE
962,6,ACCEPTABLE
963,7,SHORT
964,2,EXCESSIVE
965,7,EXCESSIVE
966,8,SHORT
967,4,SHORT
968,1,ACCEPTABLE
969,7,EXCESSIVE
970,8,ACCEPTABLE
971,5,SHORT
972,2,SHORT
973,9,EXCESSIVE
974,7,SHORT
975,2,ACCEPTABLE
976,2,SHORT
977,5,ACCEPTABLE
978,3,EXCESSIVE
979,6,SHORT
980,9,EXCESSIVE
981,5,SHORT
982,9,SHORT
983,5,SHORT
984,3,EXCESSIVE
985,4,EXCESSIVE
986,4,SHORT
987,4,EXCESSIVE
988,5,EXCESSIVE
989,4,ACCEPTABLE
990,5,SHORT
991,5,SHORT
992,4,ACCEPTABLE
993,1,EXCESSIVE
994,3,SHORT
995,7,EXCESSIVE
996,2,SHORT
997,1,SHORT
998,3,SHORT
999,4,SHORT
1000,3,SHORT
1001,2,SHORT
1002,6,ACCEPTABLE
1003,8,EXCESSIVE
1004,2,EXCESSIVE
1005,7,EXCESSIVE
1006,3,EXCESSIVE
1007,6,EXCESSIVE
1008,8,SHORT
1009,6,SHORT
1010,2,EXCESSIVE
1011,4,EXCESSIVE
1012,2,ACCEPTABLE
1013,3,SHORT
1014,3,ACCEPTABLE
1015,4,EXCESSIVE
1016,4,ACCEPTABLE
1017,1,ACCEPTABLE
1018,7,ACCEPTABLE
1019,9,ACCEPTABLE
1020,5,SHORT
1021,9,SHORT
1022,6,SHORT
1023,9,EXCESSIVE
1024,9,SHORT
1025,6,SHORT
1026,2,EXCESSIVE
1027,1,SHORT
1028,1,EXCESSIVE
1029,2,SHORT
1030,5,EXCESSIVE
1031,9,EXCESSIVE
1032,5,SHORT
1033,8,EXCESSIVE
1034,7,EXCESSIVE
1035,8,ACCEPTABLE
1036,7,ACCEPTABLE
1037,8,SHORT
1038,5,ACCEPTABLE
1039,1,ACCEPTABLE
1040,5,EXCESSIVE
1041,3,EXCESSIVE
1042,5,ACCEPTABLE
1043,5,ACCEPTABLE
1044,4,EXCESSIVE
1045,6,ACCEPTABLE
1046,1,EXCESSIVE
1047,2,SHORT
1048,5,SHORT
1049,2,ACCEPTABLE
1050,2,EXCESSIVE
1051,4,ACCEPTABLE
1052,1,ACCEPTABLE
1053,7,SHORT
1054,3,SHORT
1055,6,SHORT
1056,4,ACCEPTABLE
1057,9,ACCEPTABLE
1058,7,EXCESSIVE
1059,7,ACCEPTABLE
1060,7,EXCESSIVE
1061,1,ACCEPTABLE
1062,6,ACCEPTABLE
1063,2,SHORT
1064,3,EXCESSIVE
1065,9,SHORT
1066,5,EXCESSIVE
1067,1,SHORT
1068,8,EXCESSIVE
1069,3,ACCEPTABLE
1070,5,ACCEPTABLE
1071,7,EXCESSIVE
1072,9,EXCESSIVE
1073,3,EXCESSIVE
1074,2,SHORT
1075,5,SHORT
1076,8,SHORT
1077,7,EXCESSIVE
1078,4,EXCESSIVE
1079,1,EXCESSIVE
1080,3,EXCESSIVE
1081,7,EXCESSIVE
1082,5,EXCESSIVE
1083,3,ACCEPTABLE
1084,8,EXCESSIVE
1085,4,EXCESSIVE
1086,5,EXCESSIVE
1087,9,ACCEPTABLE
1088,6,SHORT
1089,3,SHORT
1090,1,SHORT
1091,5,ACCEPTABLE
1092,9,SHORT
1093,6,SHORT
1094,5,EXCESSIVE
1095,2,SHORT
1096,8,ACCEPTABLE
1097,4,SHORT
1098,3,EXCESSIVE
1099,4,SHORT
1100,2,SHORT
1101,1,SHORT
1102,5,EXCESSIVE
1103,6,ACCEPTABLE
1104,6,ACCEPTABLE
1105,6,ACCEPTABLE
1106,8,ACCEPTABLE
1107,9,EXCESSIVE
1108,3,EXCESSIVE
1109,5,ACCEPTABLE
1110,5,ACCEPTABLE
1111,8,ACCEPTABLE
1112,3,ACCEPTABLE
1113,1,EXCESSIVE
1114,4,ACCEPTABLE
1115,1,SHORT
1116,6,ACCEPTABLE
1117,6,SHORT
1118,2,EXCESSIVE
1119,5,SHORT
1120,2,SHORT
1121,4,ACCEPTABLE
1122,2,SHORT
1123,5,EXCESSIVE
1124,4,SHORT
1125,1,ACCEPTABLE
1126,6,ACCEPTABLE
1127,3,ACCEPTABLE
1128,7,EXCESSIVE
1129,6,EXCESSIVE
1130,6,SHORT
1131,7,ACCEPTABLE
1132,8,ACCEPTABLE
1133,1,EXCESSIVE
1134,2,ACCEPTABLE
1135,5,ACCEPTABLE
1136,8,SHORT
1137,5,SHORT
1138,3,ACCEPTABLE
1139,7,EXCESSIVE
1140,1,EXCESSIVE
1141,3,EXCESSIVE
1142,3,SHORT
1143,5,SHORT
1144,2,EXCESSIVE
1145,2,ACCEPTABLE
1146,9,EXCESSIVE
1147,9,SHORT
1148,4,SHORT
1149,5,ACCEPTABLE
1150,4,EXCESSIVE
1151,2,SHORT
1152,7,SHORT
1153,7,EXCESSIVE
1154,4,ACCEPTABLE
1155,7,SHORT
1156,6,SHORT
1157,1,SHORT
1158,9,ACCEPTABLE
1159,2,EXCESSIVE
1160,7,SHORT
1161,7,EXCESSIVE
1162,7,SHORT
1163,5,SHORT
1164,2,SHORT
1165,8,ACCEPTABLE
1166,9,EXCESSIVE
1167,3,SHORT
1168,7,SHORT
1169,2,EXCESSIVE
1170,5,EXCESSIVE
1171,3,ACCEPTABLE
1172,4,ACCEPTABLE
1173,1,SHORT
1174,1,ACCEPTABLE
1175,3,EXCESSIVE
1176,5,ACCEPTABLE
1177,8,EXCESSIVE
1178,1,EXCESSIVE
1179,9,EXCESSIVE
1180,3,SHORT
1181,6,SHORT
1182,1,SHORT
1183,8,EXCESSIVE
1184,8,SHORT
1185,5,EXCESSIVE
1186,6,EXCESSIVE
1187,2,EXCESSIVE
1188,5,EXCESSIVE
1189,7,EXCESSIVE
1190,8,ACCEPTABLE
1191,3,EXCESSIVE
1192,4,EXCESSIVE
1193,5,SHORT
1194,2,SHORT
1195,7,SHORT
1196,4,SHORT
1197,3,ACCEPTABLE
1198,7,ACCEPTABLE
1199,2,SHORT
1200,2,EXCESSIVE
1201,9,SHORT
1202,3,SHORT
1203,4,ACCEPTABLE
1204,6,SHORT
1205,8,EXCESSIVE
1206,8,SHORT
1207,5,EXCESSIVE
1208,2,ACCEPTABLE
1209,4,EXCESSIVE
1210,5,SHORT
1211,8,SHORT
1212,9,ACCEPTABLE
1213,6,EXCESSIVE
1214,4,SHORT
1215,5,ACCEPTABLE
1216,3,EXCESSIVE
1217,2,ACCEPTABLE
1218,3,SHORT
1219,9,EXCESSIVE
1220,3,ACCEPTABLE
1221,8,EXCESSIVE
1222,4,SHORT
1223,6,SHORT
1224,1,SHORT
1225,4,ACCEPTABLE
1226,6,EXCESSIVE
1227,7,ACCEPTABLE
1228,5,SHORT
1229,7,SHORT
1230,7,ACCEPTABLE
1231,6,EXCESSIVE
1232,3,ACCEPTABLE
1233,7,SHORT
1234,2,EXCESSIVE
1235,3,ACCEPTABLE
1236,9,SHORT
1237,1,SHORT
1238,7,SHORT
1239,4,ACCEPTABLE
1240,8,ACCEPTABLE
1241,3,EXCESSIVE
1242,3,SHORT
1243,8,ACCEPTABLE
1244,3,EXCESSIVE
1245,1,EXCESSIVE
1246,5,SHORT
1247,3,SHORT
1248,7,ACCEPTABLE
1249,9,ACCEPTABLE
1250,7,EXCESSIVE
1251,4,SHORT
1252,9,EXCESSIVE
1253,3,EXCESSIVE
1254,5,SHORT
1255,3,EXCESSIVE
1256,2,SHORT
1257,2,EXCESSIVE
1258,8,EXCESSIVE
1259,5,ACCEPTABLE
1260,7,SHORT
1261,7,EXCESSIVE
1262,9,ACCEPTABLE
1263,3,EXCESSIVE
1264,3,EXCESSIVE
1265,1,ACCEPTABLE
1266,8,SHORT
1267,2,EXCESSIVE
1268,3,SHORT
1269,9,EXCESSIVE
1270,8,EXCESSIVE
1271,5,ACCEPTABLE
1272,1,EXCESSIVE
1273,6,EXCESSIVE
1274,2,ACCEPTABLE
1275,4,SHORT
1276,7,ACCEPTABLE
1277,2,ACCEPTABLE
1278,7,ACCEPTABLE
1279,7,ACCEPTABLE
1280,2,SHORT
1281,9,EXCESSIVE
1282,2,ACCEPTABLE
1283,5,ACCEPTABLE
1284,2,SHORT
1285,6,EXCESSIVE
1286,3,SHORT
1287,8,ACCEPTABLE
1288,7,EXCESSIVE
1289,9,ACCEPTABLE
1290,8,EXCESSIVE
1291,5,EXCESSIVE
1292,4,EXCESSIVE
1293,1,ACCEPTABLE
1294,6,SHORT
1295,6,ACCEPTABLE
1296,7,SHORT
1297,4,SHORT
1298,8,EXCESSIVE
1299,3,SHORT
1300,6,SHORT
1301,3,SHORT
1302,9,ACCEPTABLE
1303,1,ACCEPTABLE
1304,5,ACCEPTABLE
1305,2,EXCESSIVE
1306,1,ACCEPTABLE
1307,7,SHORT
1308,6,EXCESSIVE
1309,3,ACCEPTABLE
1310,9,SHORT
1311,8,EXCESSIVE
1312,1,EXCESSIVE
1313,5,EXCESSIVE
1314,8,SHORT
1315,2,EXCESSIVE
1316,9,SHORT
1317,9,SHORT
1318,4,ACCEPTABLE
1319,5,EXCESSIVE
1320,8,EXCESSIVE
1321,8,SHORT
1322,3,EXCESSIVE
1323,1,EXCESSIVE
1324,9,EXCESSIVE
1325,6,ACCEPTABLE
1326,1,EXCESSIVE
1327,3,ACCEPTABLE
1328,3,SHORT
1329,7,ACCEPTABLE
1330,7,EXCESSIVE
1331,3,SHORT
1332,8,EXCESSIVE
1333,7,ACCEPTABLE
1334,3,ACCEPTABLE
1335,4,ACCEPTABLE
1336,8,SHORT
1337,8,ACCEPTABLE
1338,5,EXCESSIVE
1339,2,ACCEPTABLE
1340,2,SHORT
1341,2,EXCESSIVE
1342,1,EXCESSIVE
1343,9,ACCEPTABLE
1344,9,EXCESSIVE
1345,3,EXCESSIVE
1346,4,SHORT
1347,7,EXCESSIVE
1348,9,EXCESSIVE
1349,2,SHORT
1350,7,ACCEPTABLE
1351,1,EXCESSIVE
1352,5,ACCEPTABLE
1353,8,SHORT
1354,8,SHORT
1355,1,ACCEPTABLE
1356,2,SHORT
1357,9,SHORT
1358,4,ACCEPTABLE
1359,2,ACCEPTABLE
1360,8,SHORT
1361,2,ACCEPTABLE
1362,7,SHORT
1363,7,ACCEPTABLE
1364,8,SHORT
1365,3,EXCESSIVE
1366,9,EXCESSIVE
1367,2,SHORT
1368,4,SHORT
1369,9,SHORT
1370,6,EXCESSIVE
1371,5,EXCESSIVE
1372,3,SHORT
1373,1,SHORT
1374,5,SHORT
1375,6,EXCESSIVE
1376,6,ACCEPTABLE
1377,9,ACCEPTABLE
1378,4,SHORT
1379,4,EXCESSIVE
1380,9,ACCEPTABLE
1381,4,ACCEPTABLE
1382,4,SHORT
1383,9,SHORT
1384,3,EXCESSIVE
1385,8,ACCEPTABLE
1386,7,ACCEPTABLE
1387,4,ACCEPTABLE
1388,4,SHORT
1389,8,SHORT
1390,5,SHORT
1391,8,EXCESSIVE
1392,8,SHORT
1393,8,EXCESSIVE
1394,4,ACCEPTABLE
1395,5,SHORT
1396,3,SHORT
1397,2,EXCESSIVE
1398,6,ACCEPTABLE
1399,9,SHORT
1400,7,SHORT
1401,6,EXCESSIVE
1402,1,SHORT
1403,8,SHORT
1404,1,SHORT
1405,9,EXCESSIVE
1406,5,EXCESSIVE
1407,6,EXCESSIVE
1408,5,EXCESSIVE
1409,3,EXCESSIVE
1410,2,SHORT
1411,8,EXCESSIVE
1412,9,SHORT
1413,8,SHORT
1414,6,SHORT
1415,7,SHORT
1416,9,SHORT
1417,5,EXCESSIVE
1418,5,EXCESSIVE
1419,4,ACCEPTABLE
1420,7,EXCESSIVE
1421,2,SHORT
1422,3,SHORT
1423,3,ACCEPTABLE
1424,1,EXCESSIVE
1425,6,SHORT
1426,1,SHORT
1427,1,EXCESSIVE
1428,3,SHORT
1429,8,SHORT
1430,6,EXCESSIVE
1431,7,ACCEPTABLE
1432,7,SHORT
1433,9,SHORT
1434,3,ACCEPTABLE
1435,6,SHORT
1436,8,ACCEPTABLE
1437,5,ACCEPTABLE
1438,7,SHORT
1439,9,ACCEPTABLE
1440,2,EXCESSIVE
1441,6,ACCEPTABLE
1442,1,EXCESSIVE
1443,6,EXCESSIVE
1444,4,EXCESSIVE
1445,9,EXCESSIVE
1446,2,SHORT
1447,1,SHORT
1448,2,EXCESSIVE
1449,5,SHORT
1450,5,EXCESSIVE
1451,2,ACCEPTABLE
1452,1,ACCEPTABLE
1453,7,SHORT
1454,6,EXCESSIVE
1455,8,ACCEPTABLE
1456,2,EXCESSIVE
1457,7,EXCESSIVE
1458,8,ACCEPTABLE
1459,1,EXCESSIVE
1460,6,SHORT
1461,7,ACCEPTABLE
1462,8,ACCEPTABLE
1463,9,ACCEPTABLE
1464,1,SHORT
1465,7,ACCEPTABLE
1466,9,SHORT
1467,5,ACCEPTABLE
1468,5,ACCEPTABLE
1469,2,ACCEPTABLE
1470,3,ACCEPTABLE
1471,6,SHORT
1472,5,SHORT
1473,4,ACCEPTABLE
1474,5,ACCEPTABLE
1475,9,ACCEPTABLE
1476,6,SHORT
1477,8,ACCEPTABLE
1478,9,SHORT
1479,5,ACCEPTABLE
1480,9,ACCEPTABLE
1481,3,SHORT
1482,7,ACCEPTABLE
1483,8,ACCEPTABLE
1484,9,EXCESSIVE
1485,9,SHORT
1486,1,ACCEPTABLE
1487,1,ACCEPTABLE
1488,2,ACCEPTABLE
1489,2,SHORT
1490,9,ACCEPTABLE
1491,1,EXCESSIVE
1492,8,EXCESSIVE
1493,7,ACCEPTABLE
1494,1,SHORT
1495,2,EXCESSIVE
1496,1,ACCEPTABLE
1497,6,ACCEPTABLE
1498,3,SHORT
1499,3,ACCEPTABLE
1500,5,EXCESSIVE
1501,9,EXCESSIVE
1502,4,EXCESSIVE
1503,8,EXCESSIVE
1504,5,ACCEPTABLE
1505,5,EXCESSIVE
1506,5,SHORT
1507,7,EXCESSIVE
1508,6,ACCEPTABLE
1509,2,ACCEPTABLE
1510,8,EXCESSIVE
1511,6,ACCEPTABLE
1512,6,SHORT
1513,7,SHORT
1514,5,SHORT
1515,6,EXCESSIVE
1516,3,ACCEPTABLE
1517,6,EXCESSIVE
1518,4,SHORT
1519,2,SHORT
1520,4,EXCESSIVE
1521,6,SHORT
1522,5,ACCEPTABLE
1523,6,SHORT
1524,3,SHORT
1525,1,EXCESSIVE
1526,5,SHORT
1527,8,ACCEPTABLE
1528,7,SHORT
1529,3,SHORT
1530,2,ACCEPTABLE
1531,7,SHORT
1532,2,EXCESSIVE
1533,7,ACCEPTABLE
1534,1,SHORT
1535,4,EXCESSIVE
1536,7,EXCESSIVE
1537,1,ACCEPTABLE
1538,7,ACCEPTABLE
1539,3,ACCEPTABLE
1540,5,EXCESSIVE
1541,6,SHORT
1542,4,ACCEPTABLE
1543,4,ACCEPTABLE
1544,3,EXCESSIVE
1545,5,SHORT
1546,1,ACCEPTABLE
1547,3,ACCEPTABLE
1548,5,ACCEPTABLE
1549,1,EXCESSIVE
1550,1,SHORT
1551,1,SHORT
1552,5,SHORT
1553,1,EXCESSIVE
1554,6,SHORT
1555,5,SHORT
1556,6,SHORT
1557,4,EXCESSIVE
1558,7,ACCEPTABLE
1559,6,SHORT
1560,4,EXCESSIVE
1561,9,SHORT
1562,5,ACCEPTABLE
1563,4,EXCESSIVE
1564,5,SHORT
1565,7,SHORT
1566,7,SHORT
1567,9,SHORT
1568,6,SHORT
1569,2,EXCESSIVE
1570,4,ACCEPTABLE
1571,1,ACCEPTABLE
1572,2,ACCEPTABLE
1573,6,SHORT
1574,7,SHORT
1575,5,EXCESSIVE
1576,9,EXCESSIVE
1577,6,EXCESSIVE
1578,7,SHORT
1579,5,SHORT
1580,5,EXCESSIVE
1581,8,EXCESSIVE
1582,4,EXCESSIVE
1583,7,EXCESSIVE
1584,8,EXCESSIVE
1585,9,ACCEPTABLE
1586,5,ACCEPTABLE
1587,8,EXCESSIVE
1588,4,EXCESSIVE
1589,4,SHORT
1590,1,SHORT
1591,7,SHORT
1592,5,ACCEPTABLE
1593,3,SHORT
1594,5,ACCEPTABLE
1595,3,EXCESSIVE
1596,3,SHORT
1597,5,SHORT
1598,8,EXCESSIVE
1599,5,EXCESSIVE
1600,2,ACCEPTABLE
1601,9,EXCESSIVE
1602,4,SHORT
1603,7,SHORT
1604,8,EXCESSIVE
1605,2,SHORT
1606,1,SHORT
1607,6,SHORT
1608,4,ACCEPTABLE
1609,1,SHORT
1610,9,SHORT
1611,9,SHORT
1612,9,SHORT
1613,5,SHORT
1614,1,SHORT
1615,1,ACCEPTABLE
1616,6,EXCESSIVE
1617,7,EXCESSIVE
1618,2,ACCEPTABLE
1619,5,ACCEPTABLE
1620,9,EXCESSIVE
1621,1,ACCEPTABLE
1622,7,ACCEPTABLE
1623,4,ACCEPTABLE
1624,6,ACCEPTABLE
1625,4,ACCEPTABLE
1626,1,EXCESSIVE
1627,1,SHORT
1628,8,SHORT
1629,2,EXCESSIVE
1630,1,EXCESSIVE
1631,5,ACCEPTABLE
1632,3,SHORT
1633,5,ACCEPTABLE
1634,5,EXCESSIVE
1635,2,ACCEPTABLE
1636,3,ACCEPTABLE
1637,7,EXCESSIVE
1638,5,ACCEPTABLE
1639,4,SHORT
1640,4,SHORT
1641,1,EXCESSIVE
1642,4,ACCEPTABLE
1643,2,EXCESSIVE
1644,5,SHORT
1645,2,EXCESSIVE
1646,5,ACCEPTABLE
1647,8,ACCEPTABLE
1648,5,EXCESSIVE
1649,2,SHORT
1650,1,SHORT
1651,6,SHORT
1652,7,ACCEPTABLE
1653,4,SHORT
1654,6,EXCESSIVE
1655,4,ACCEPTABLE
1656,2,SHORT
1657,2,EXCESSIVE
1658,8,EXCESSIVE
1659,2,ACCEPTABLE
1660,1,EXCESSIVE
1661,1,SHORT
1662,4,EXCESSIVE
1663,3,ACCEPTABLE
1664,4,ACCEPTABLE
1665,6,EXCESSIVE
1666,8,ACCEPTABLE
1667,4,EXCESSIVE
1668,2,EXCESSIVE
1669,1,SHORT
1670,6,SHORT
1671,9,SHORT
1672,4,EXCESSIVE
1673,1,SHORT
1674,3,SHORT
1675,2,ACCEPTABLE
1676,8,SHORT
1677,8,ACCEPTABLE
1678,5,ACCEPTABLE
1679,4,EXCESSIVE
1680,6,ACCEPTABLE
1681,5,ACCEPTABLE
1682,1,ACCEPTABLE
1683,1,SHORT
1684,3,ACCEPTABLE
1685,2,EXCESSIVE
1686,7,EXCESSIVE
1687,2,EXCESSIVE
1688,8,SHORT
1689,3,ACCEPTABLE
1690,2,SHORT
1691,1,EXCESSIVE
1692,6,EXCESSIVE
1693,8,ACCEPTABLE
1694,8,ACCEPTABLE
1695,7,ACCEPTABLE
1696,7,SHORT
1697,5,ACCEPTABLE
1698,7,ACCEPTABLE
1699,3,SHORT
1700,9,EXCESSIVE
1701,6,SHORT
1702,7,EXCESSIVE
1703,1,EXCESSIVE
1704,9,ACCEPTABLE
1705,3,SHORT
1706,1,EXCESSIVE
1707,1,EXCESSIVE
1708,6,SHORT
1709,8,EXCESSIVE
1710,5,SHORT
1711,2,EXCESSIVE
1712,6,ACCEPTABLE
1713,7,EXCESSIVE
1714,8,SHORT
1715,9,SHORT
1716,9,SHORT
1717,5,SHORT
1718,1,ACCEPTABLE
1719,3,ACCEPTABLE
1720,2,SHORT
1721,1,EXCESSIVE
1722,6,SHORT
1723,6,SHORT
1724,4,SHORT
1725,7,EXCESSIVE
1726,1,SHORT
1727,4,ACCEPTABLE
1728,7,EXCESSIVE
1729,7,ACCEPTABLE
1730,6,EXCESSIVE
1731,2,SHORT
1732,9,ACCEPTABLE
1733,9,EXCESSIVE
1734,1,EXCESSIVE
1735,6,ACCEPTABLE
1736,6,SHORT
1737,4,EXCESSIVE
1738,4,ACCEPTABLE
1739,4,EXCESSIVE
1740,2,EXCESSIVE
1741,5,EXCESSIVE
1742,5,ACCEPTABLE
1743,5,EXCESSIVE
1744,6,ACCEPTABLE
1745,5,EXCESSIVE
1746,5,SHORT
1747,2,ACCEPTABLE
1748,4,EXCESSIVE
1749,9,ACCEPTABLE
1750,2,EXCESSIVE
1751,3,ACCEPTABLE
1752,7,EXCESSIVE
1753,5,EXCESSIVE
1754,1,SHORT
1755,4,SHORT
1756,3,ACCEPTABLE
1757,6,SHORT
1758,6,SHORT
1759,3,SHORT
1760,3,ACCEPTABLE
1761,6,SHORT
1762,3,SHORT
1763,3,EXCESSIVE
1764,4,SHORT
1765,4,SHORT
1766,7,ACCEPTABLE
1767,6,SHORT
1768,7,EXCESSIVE
1769,2,SHORT
1770,7,EXCESSIVE
1771,6,ACCEPTABLE
1772,9,ACCEPTABLE
1773,1,SHORT
1774,6,ACCEPTABLE
1775,3,EXCESSIVE
1776,7,EXCESSIVE
1777,6,EXCESSIVE
1778,1,EXCESSIVE
1779,3,EXCESSIVE
1780,3,ACCEPTABLE
1781,5,ACCEPTABLE
1782,2,EXCESSIVE
1783,1,EXCESSIVE
1784,7,ACCEPTABLE
1785,8,ACCEPTABLE
1786,3,ACCEPTABLE
1787,1,EXCESSIVE
1788,1,EXCESSIVE
1789,3,EXCESSIVE
1790,8,ACCEPTABLE
1791,2,SHORT
1792,7,ACCEPTABLE
1793,9,ACCEPTABLE
1794,5,EXCESSIVE
1795,8,ACCEPTABLE
1796,1,SHORT
1797,9,SHORT
1798,7,SHORT
1799,9,SHORT
1800,4,EXCESSIVE
1801,7,ACCEPTABLE
1802,9,ACCEPTABLE
1803,3,SHORT
1804,1,EXCESSIVE
1805,6,EXCESSIVE
1806,9,EXCESSIVE
1807,6,SHORT
1808,7,SHORT
1809,6,ACCEPTABLE
1810,5,EXCESSIVE
1811,4,SHORT
1812,6,ACCEPTABLE
1813,4,SHORT
1814,3,ACCEPTABLE
1815,8,SHORT
1816,9,ACCEPTABLE
1817,2,ACCEPTABLE
1818,1,SHORT
1819,8,ACCEPTABLE
1820,2,SHORT
1821,4,SHORT
1822,8,EXCESSIVE
1823,6,ACCEPTABLE
1824,8,EXCESSIVE
1825,4,SHORT
1826,3,EXCESSIVE
1827,4,ACCEPTABLE
1828,8,SHORT
1829,4,SHORT
1830,3,ACCEPTABLE
1831,6,EXCESSIVE
1832,5,EXCESSIVE
1833,1,EXCESSIVE
1834,4,EXCESSIVE
1835,3,ACCEPTABLE
1836,6,ACCEPTABLE
1837,2,ACCEPTABLE
1838,5,ACCEPTABLE
1839,5,SHORT
1840,1,ACCEPTABLE
1841,4,SHORT
1842,7,SHORT
1843,5,EXCESSIVE
1844,7,ACCEPTABLE
1845,1,ACCEPTABLE
1846,4,EXCESSIVE
1847,2,ACCEPTABLE
1848,2,SHORT
1849,5,EXCESSIVE
1850,6,EXCESSIVE
1851,3,SHORT
1852,8,EXCESSIVE
1853,6,ACCEPTABLE
1854,2,EXCESSIVE
1855,5,ACCEPTABLE
1856,9,EXCESSIVE
1857,3,EXCESSIVE
1858,4,EXCESSIVE
1859,4,SHORT
1860,4,SHORT
1861,6,EXCESSIVE
1862,9,EXCESSIVE
1863,2,SHORT
1864,3,ACCEPTABLE
1865,2,EXCESSIVE
1866,1,EXCESSIVE
1867,7,SHORT
1868,3,ACCEPTABLE
1869,6,EXCESSIVE
1870,8,EXCESSIVE
1871,3,SHORT
1872,5,SHORT
1873,4,SHORT
1874,4,SHORT
1875,9,ACCEPTABLE
1876,6,SHORT
1877,9,EXCESSIVE
1878,1,ACCEPTABLE
1879,1,SHORT
1880,2,SHORT
1881,2,EXCESSIVE
1882,8,ACCEPTABLE
1883,4,EXCESSIVE
1884,7,SHORT
1885,1,EXCESSIVE
1886,9,ACCEPTABLE
1887,9,EXCESSIVE
1888,5,SHORT
1889,4,EXCESSIVE
1890,4,ACCEPTABLE
1891,5,SHORT
1892,2,SHORT
1893,4,SHORT
1894,7,ACCEPTABLE
1895,8,SHORT
1896,6,SHORT
1897,5,ACCEPTABLE
1898,5,ACCEPTABLE
1899,3,EXCESSIVE
1900,6,EXCESSIVE
1901,5,EXCESSIVE
1902,4,EXCESSIVE
1903,9,EXCESSIVE
1904,4,EXCESSIVE
1905,6,SHORT
1906,5,EXCESSIVE
1907,4,ACCEPTABLE
1908,1,ACCEPTABLE
1909,8,SHORT
1910,4,ACCEPTABLE
1911,1,EXCESSIVE
1912,3,SHORT
1913,3,EXCESSIVE
1914,1,ACCEPTABLE
1915,1,ACCEPTABLE
1916,1,SHORT
1917,6,EXCESSIVE
1918,7,ACCEPTABLE
1919,6,ACCEPTABLE
1920,5,ACCEPTABLE
1921,7,EXCESSIVE
1922,1,SHORT
1923,8,ACCEPTABLE
1924,1,ACCEPTABLE
1925,1,SHORT
1926,6,ACCEPTABLE
1927,2,ACCEPTABLE
1928,8,EXCESSIVE
1929,5,EXCESSIVE
1930,4,EXCESSIVE
1931,3,ACCEPTABLE
1932,6,ACCEPTABLE
1933,2,EXCESSIVE
1934,9,EXCESSIVE
1935,3,ACCEPTABLE
1936,6,ACCEPTABLE
1937,2,SHORT
1938,5,EXCESSIVE
1939,5,ACCEPTABLE
1940,3,EXCESSIVE
1941,1,EXCESSIVE
1942,7,EXCESSIVE
1943,9,SHORT
1944,3,ACCEPTABLE
1945,6,ACCEPTABLE
1946,5,ACCEPTABLE
1947,1,ACCEPTABLE
1948,1,SHORT
1949,9,ACCEPTABLE
1950,9,SHORT
1951,8,ACCEPTABLE
1952,4,EXCESSIVE
1953,8,EXCESSIVE
1954,4,ACCEPTABLE
1955,4,SHORT
1956,2,SHORT
1957,1,EXCESSIVE
1958,3,SHORT
1959,8,ACCEPTABLE
1960,5,SHORT
1961,9,ACCEPTABLE
1962,2,EXCESSIVE
1963,6,EXCESSIVE
1964,6,ACCEPTABLE
1965,4,SHORT
1966,9,SHORT
1967,1,SHORT
1968,5,ACCEPTABLE
1969,8,SHORT
1970,5,ACCEPTABLE
1971,2,SHORT
1972,8,EXCESSIVE
1973,5,SHORT
1974,5,SHORT
1975,2,EXCESSIVE
1976,6,ACCEPTABLE
1977,6,ACCEPTABLE
1978,1,ACCEPTABLE
1979,2,SHORT
1980,8,EXCESSIVE
1981,4,EXCESSIVE
1982,8,SHORT
1983,9,EXCESSIVE
1984,8,SHORT
1985,3,SHORT
1986,3,EXCESSIVE
1987,2,ACCEPTABLE
1988,7,ACCEPTABLE
1989,8,ACCEPTABLE
1990,5,SHORT
1991,3,ACCEPTABLE
1992,8,SHORT
1993,3,EXCESSIVE
1994,9,SHORT
1995,7,ACCEPTABLE
1996,6,ACCEPTABLE
1997,2,SHORT
1998,9,EXCESSIVE
1999,7,ACCEPTABLE
