call_id,call_satisfaction_grade,call_response_time
0,8,ACCEPTABLE
1,2,EXCESSIVE
2,9,EXCESSIVE
3,8,ACCEPTABLE
4,7,ACCEPTABLE
5,2,ACCEPTABLE
6,2,SHORT
7,7,EXCESSIVE
8,8,SHORT
9,7,EXCESSIVE
10,9,SHORT
11,9,ACCEPTABLE
12,7,SHORT
13,4,ACCEPTABLE
14,4,ACCEPTABLE
15,9,SHORT
16,9,EXCESSIVE
17,6,SHORT
18,9,SHORT
19,3,SHORT
20,2,EXCESSIVE
21,7,EXCESSIVE
22,2,EXCESSIVE
23,1,EXCESSIVE
24,7,SHORT
25,4,SHORT
26,3,EXCESSIVE
27,8,ACCEPTABLE
28,2,ACCEPTABLE
29,2,ACCEPTABLE
30,6,SHORT
31,3,SHORT
32,5,EXCESSIVE
33,4,ACCEPTABLE
34,1,ACCEPTABLE
35,3,SHORT
36,7,ACCEPTABLE
37,1,ACCEPTABLE
38,4,ACCEPTABLE
39,6,ACCEPTABLE
40,4,SHORT
41,9,SHORT
42,8,ACCEPTABLE
43,7,SHORT
44,4,ACCEPTABLE
45,9,EXCESSIVE
46,7,SHORT
47,1,ACCEPTABLE
48,9,SHORT
49,6,EXCESSIVE
50,9,SHORT
51,4,ACCEPTABLE
52,8,EXCESSIVE
53,8,EXCESSIVE
54,3,SHORT
55,1,SHORT
56,1,SHORT
57,8,EXCESSIVE
58,7,ACCEPTABLE
59,3,EXCESSIVE
60,9,SHORT
61,2,ACCEPTABLE
62,3,ACCEPTABLE
63,7,EXCESSIVE
64,2,EXCESSIVE
65,7,ACCEPTABLE
66,2,SHORT
67,5,ACCEPTABLE
68,7,ACCEPTABLE
69,5,EXCESSIVE
70,3,EXCESSIVE
71,1,SHORT
72,8,ACCEPTABLE
73,8,ACCEPTABLE
74,8,ACCEPTABLE
75,3,SHORT
76,9,SHORT
77,4,EXCESSIVE
78,2,SHORT
79,8,EXCESSIVE
80,2,SHORT
81,5,ACCEPTABLE
82,7,SHORT
83,8,ACCEPTABLE
84,3,SHORT
85,2,EXCESSIVE
86,4,SHORT
87,6,ACCEPTABLE
88,1,EXCESSIVE
89,8,EXCESSIVE
90,8,SHORT
91,1,ACCEPTABLE
92,2,ACCEPTABLE
93,4,ACCEPTABLE
94,7,SHORT
95,5,EXCESSIVE
96,1,ACCEPTABLE
97,9,EXCESSIVE
98,6,ACCEPTABLE
99,4,ACCEPTABLE
100,4,ACCEPTABLE
101,9,EXCESSIVE
102,9,ACCEPTABLE
103,5,ACCEPTABLE
104,6,ACCEPTABLE
105,3,EXCESSIVE
106,8,EXCESSIVE
107,6,SHORT
108,8,EXCESSIVE
109,9,SHORT
110,5,ACCEPTABLE
111,3,SHORT
112,6,ACCEPTABLE
113,1,EXCESSIVE
114,5,SHORT
115,5,ACCEPTABLE
116,6,EXCESSIVE
117,9,ACCEPTABLE
118,4,EXCESSIVE
119,8,ACCEPTABLE
120,9,SHORT
121,8,ACCEPTABLE
122,8,ACCEPTABLE
123,1,SHORT
124,5,ACCEPTABLE
125,4,ACCEPTABLE
126,7,ACCEPTABLE
127,3,EXCESSIVE
128,4,ACCEPTABLE
129,3,EXCESSIVE
130,3,ACCEPTABLE
131,2,SHORT
132,8,ACCEPTABLE
133,9,SHORT
134,9,ACCEPTABLE
135,6,SHORT
136,3,ACCEPTABLE
137,8,ACCEPTABLE
138,7,ACCEPTABLE
139,1,SHORT
140,5,ACCEPTABLE
141,1,ACCEPTABLE
142,2,EXCESSIVE
143,7,ACCEPTABLE
144,4,ACCEPTABLE
145,5,EXCESSIVE
146,9,EXCESSIVE
147,8,SHORT
148,5,ACCEPTABLE
149,3,SHORT
150,7,EXCESSIVE
151,4,SHORT
152,8,SHORT
153,9,SHORT
154,2,ACCEPTABLE
155,4,EXCESSIVE
156,5,EXCESSIVE
157,2,ACCEPTABLE
158,9,EXCESSIVE
159,3,ACCEPTABLE
160,9,ACCEPTABLE
161,9,EXCESSIVE
162,5,EXCESSIVE
163,3,SHORT
164,3,ACCEPTABLE
165,6,SHORT
166,1,EXCESSIVE
167,3,EXCESSIVE
168,3,ACCEPTABLE
169,5,EXCESSIVE
170,8,SHORT
171,5,SHORT
172,6,SHORT
173,2,SHORT
174,8,SHORT
175,4,SHORT
176,3,ACCEPTABLE
177,5,SHORT
178,4,SHORT
179,4,EXCESSIVE
180,6,EXCESSIVE
181,9,SHORT
182,7,EXCESSIVE
183,3,ACCEPTABLE
184,4,EXCESSIVE
185,8,ACCEPTABLE
186,2,EXCESSIVE
187,8,EXCESSIVE
188,9,SHORT
189,4,ACCEPTABLE
190,3,ACCEPTABLE
191,6,EXCESSIVE
192,1,SHORT
193,3,SHORT
194,9,ACCEPTABLE
195,4,SHORT
196,2,SHORT
197,9,ACCEPTABLE
198,2,ACCEPTABLE
199,6,ACCEPTABLE
200,8,ACCEPTABLE
201,9,EXCESSIVE
202,2,EXCESSIVE
203,9,ACCEPTABLE
204,5,ACCEPTABLE
205,4,ACCEPTABLE
206,6,SHORT
207,9,EXCESSIVE
208,4,SHORT
209,4,EXCESSIVE
210,2,ACCEPTABLE
211,4,EXCESSIVE
212,3,ACCEPTABLE
213,7,SHORT
214,5,SHORT
215,3,ACCEPTABLE
216,8,SHORT
217,1,ACCEPTABLE
218,5,SHORT
219,1,SHORT
220,4,EXCESSIVE
221,5,EXCESSIVE
222,8,SHORT
223,2,EXCESSIVE
224,3,SHORT
225,4,SHORT
226,4,ACCEPTABLE
227,1,SHORT
228,8,SHORT
229,8,EXCESSIVE
230,2,ACCEPTABLE
231,1,SHORT
232,4,EXCESSIVE
233,2,ACCEPTABLE
234,6,ACCEPTABLE
235,2,ACCEPTABLE
236,2,EXCESSIVE
237,4,ACCEPTABLE
238,4,ACCEPTABLE
239,1,EXCESSIVE
240,1,SHORT
241,8,ACCEPTABLE
242,9,ACCEPTABLE
243,1,EXCESSIVE
244,8,ACCEPTABLE
245,4,SHORT
246,8,SHORT
247,4,EXCESSIVE
248,6,EXCESSIVE
249,1,SHORT
250,5,EXCESSIVE
251,3,EXCESSIVE
252,6,SHORT
253,5,EXCESSIVE
254,8,SHORT
255,9,ACCEPTABLE
256,5,SHORT
257,3,SHORT
258,1,EXCESSIVE
259,5,ACCEPTABLE
260,5,SHORT
261,2,ACCEPTABLE
262,9,SHORT
263,4,ACCEPTABLE
264,1,SHORT
265,5,EXCESSIVE
266,4,SHORT
267,7,SHORT
268,1,EXCESSIVE
269,9,SHORT
270,9,EXCESSIVE
271,2,ACCEPTABLE
272,5,ACCEPTABLE
273,1,ACCEPTABLE
274,1,EXCESSIVE
275,9,ACCEPTABLE
276,3,SHORT
277,7,EXCESSIVE
278,9,EXCESSIVE
279,5,SHORT
280,2,ACCEPTABLE
281,8,ACCEPTABLE
282,2,EXCESSIVE
283,3,ACCEPTABLE
284,7,ACCEPTABLE
285,7,SHORT
286,3,SHORT
287,4,EXCESSIVE
288,8,SHORT
289,5,SHORT
290,8,ACCEPTABLE
291,5,SHORT
292,2,EXCESSIVE
293,7,EXCESSIVE
294,5,EXCESSIVE
295,9,EXCESSIVE
296,1,ACCEPTABLE
297,4,SHORT
298,6,EXCESSIVE
299,5,ACCEPTABLE
300,3,EXCESSIVE
301,8,SHORT
302,9,SHORT
303,1,ACCEPTABLE
304,5,EXCESSIVE
305,2,EXCESSIVE
306,5,EXCESSIVE
307,1,EXCESSIVE
308,2,ACCEPTABLE
309,9,ACCEPTABLE
310,6,EXCESSIVE
311,4,ACCEPTABLE
312,4,SHORT
313,5,ACCEPTABLE
314,5,SHORT
315,3,SHORT
316,8,EXCESSIVE
317,7,SHORT
318,5,SHORT
319,8,EXCESSIVE
320,2,EXCESSIVE
321,8,ACCEPTABLE
322,8,SHORT
323,2,SHORT
324,9,SHORT
325,1,EXCESSIVE
326,7,SHORT
327,1,ACCEPTABLE
328,9,SHORT
329,5,SHORT
330,8,ACCEPTABLE
331,6,SHORT
332,9,EXCESSIVE
333,1,ACCEPTABLE
334,5,SHORT
335,2,SHORT
336,2,SHORT
337,5,ACCEPTABLE
338,8,ACCEPTABLE
339,5,ACCEPTABLE
340,9,ACCEPTABLE
341,7,SHORT
342,6,ACCEPTABLE
343,7,SHORT
344,2,SHORT
345,8,ACCEPTABLE
346,9,SHORT
347,5,SHORT
348,1,SHORT
349,7,SHORT
350,6,SHORT
351,3,EXCESSIVE
352,4,SHORT
353,6,EXCESSIVE
354,9,SHORT
355,6,SHORT
356,3,EXCESSIVE
357,2,SHORT
358,4,SHORT
359,5,ACCEPTABLE
360,1,EXCESSIVE
361,8,EXCESSIVE
362,4,EXCESSIVE
363,9,ACCEPTABLE
364,1,ACCEPTABLE
365,5,SHORT
366,1,EXCESSIVE
367,2,ACCEPTABLE
368,3,ACCEPTABLE
369,9,EXCESSIVE
370,7,ACCEPTABLE
371,7,ACCEPTABLE
372,9,EXCESSIVE
373,9,SHORT
374,2,SHORT
375,5,SHORT
376,6,EXCESSIVE
377,9,SHORT
378,1,SHORT
379,9,EXCESSIVE
380,2,EXCESSIVE
381,3,SHORT
382,1,EXCESSIVE
383,8,ACCEPTABLE
384,2,ACCEPTABLE
385,4,ACCEPTABLE
386,4,ACCEPTABLE
387,8,ACCEPTABLE
388,5,EXCESSIVE
389,5,SHORT
390,1,EXCESSIVE
391,7,EXCESSIVE
392,1,EXCESSIVE
393,8,ACCEPTABLE
394,5,SHORT
395,1,EXCESSIVE
396,1,EXCESSIVE
397,6,SHORT
398,2,ACCEPTABLE
399,2,SHORT
400,6,SHORT
401,5,EXCESSIVE
402,8,EXCESSIVE
403,9,ACCEPTABLE
404,2,ACCEPTABLE
405,8,ACCEPTABLE
406,8,ACCEPTABLE
407,9,EXCESSIVE
408,2,SHORT
409,3,ACCEPTABLE
410,1,SHORT
411,2,SHORT
412,8,ACCEPTABLE
413,4,SHORT
414,8,EXCESSIVE
415,1,ACCEPTABLE
416,6,SHORT
417,5,EXCESSIVE
418,3,EXCESSIVE
419,9,SHORT
420,1,EXCESSIVE
421,8,EXCESSIVE
422,6,EXCESSIVE
423,7,SHORT
424,7,SHORT
425,1,ACCEPTABLE
426,7,EXCESSIVE
427,9,ACCEPTABLE
428,9,EXCESSIVE
429,6,EXCESSIVE
430,8,ACCEPTABLE
431,1,EXCESSIVE
432,9,ACCEPTABLE
433,9,ACCEPTABLE
434,7,EXCESSIVE
435,8,EXCESSIVE
436,2,ACCEPTABLE
437,6,SHORT
438,3,EXCESSIVE
439,4,ACCEPTABLE
440,8,ACCEPTABLE
441,3,SHORT
442,2,EXCESSIVE
443,6,SHORT
444,8,SHORT
445,6,EXCESSIVE
446,6,SHORT
447,5,SHORT
448,5,SHORT
449,4,EXCESSIVE
450,1,EXCESSIVE
451,8,SHORT
452,3,EXCESSIVE
453,4,ACCEPTABLE
454,3,ACCEPTABLE
455,1,ACCEPTABLE
456,8,EXCESSIVE
457,7,EXCESSIVE
458,5,EXCESSIVE
459,8,SHORT
460,8,SHORT
461,7,ACCEPTABLE
462,8,SHORT
463,1,EXCESSIVE
464,5,ACCEPTABLE
465,6,SHORT
466,3,ACCEPTABLE
467,4,ACCEPTABLE
468,7,SHORT
469,2,ACCEPTABLE
470,8,ACCEPTABLE
471,7,SHORT
472,8,SHORT
473,1,EXCESSIVE
474,1,EXCESSIVE
475,7,ACCEPTABLE
476,6,EXCESSIVE
477,7,ACCEPTABLE
478,6,ACCEPTABLE
479,7,EXCESSIVE
480,2,EXCESSIVE
481,5,ACCEPTABLE
482,4,ACCEPTABLE
483,4,SHORT
484,2,SHORT
485,5,EXCESSIVE
486,4,ACCEPTABLE
487,9,SHORT
488,2,EXCESSIVE
489,5,SHORT
490,9,ACCEPTABLE
491,7,ACCEPTABLE
492,8,SHORT
493,4,ACCEPTABLE
494,7,SHORT
495,8,SHORT
496,1,ACCEPTABLE
497,2,EXCESSIVE
498,2,ACCEPTABLE
499,7,ACCEPTABLE
500,9,ACCEPTABLE
501,9,SHORT
502,1,EXCESSIVE
503,7,SHORT
504,8,ACCEPTABLE
505,8,SHORT
506,7,EXCESSIVE
507,1,ACCEPTABLE
508,5,EXCESSIVE
509,9,EXCESSIVE
510,4,ACCEPTABLE
511,7,EXCESSIVE
512,4,SHORT
513,7,EXCESSIVE
514,6,SHORT
515,1,SHORT
516,4,ACCEPTABLE
517,1,ACCEPTABLE
518,1,ACCEPTABLE
519,7,SHORT
520,6,EXCESSIVE
521,6,ACCEPTABLE
522,3,ACCEPTABLE
523,4,SHORT
524,6,ACCEPTABLE
525,4,ACCEPTABLE
526,8,SHORT
527,6,EXCESSIVE
528,9,ACCEPTABLE
529,4,ACCEPTABLE
530,4,EXCESSIVE
531,9,ACCEPTABLE
532,2,SHORT
533,3,EXCESSIVE
534,4,SHORT
535,2,ACCEPTABLE
536,9,EXCESSIVE
537,1,ACCEPTABLE
538,9,SHORT
539,1,SHORT
540,7,ACCEPTABLE
541,9,ACCEPTABLE
542,1,ACCEPTABLE
543,9,EXCESSIVE
544,9,SHORT
545,9,ACCEPTABLE
546,8,EXCESSIVE
547,4,ACCEPTABLE
548,1,ACCEPTABLE
549,7,SHORT
550,8,ACCEPTABLE
551,2,EXCESSIVE
552,5,SHORT
553,5,EXCESSIVE
554,8,SHORT
555,1,EXCESSIVE
556,8,EXCESSIVE
557,7,EXCESSIVE
558,7,ACCEPTABLE
559,7,EXCESSIVE
560,3,ACCEPTABLE
561,5,ACCEPTABLE
562,9,SHORT
563,9,SHORT
564,2,SHORT
565,1,EXCESSIVE
566,6,SHORT
567,5,EXCESSIVE
568,3,SHORT
569,1,EXCESSIVE
570,3,ACCEPTABLE
571,1,SHORT
572,6,ACCEPTABLE
573,8,EXCESSIVE
574,7,EXCESSIVE
575,2,EXCESSIVE
576,4,SHORT
577,3,SHORT
578,5,ACCEPTABLE
579,9,SHORT
580,9,ACCEPTABLE
581,9,SHORT
582,9,SHORT
583,5,ACCEPTABLE
584,5,EXCESSIVE
585,1,SHORT
586,5,SHORT
587,9,ACCEPTABLE
588,4,ACCEPTABLE
589,6,SHORT
590,9,ACCEPTABLE
591,5,EXCESSIVE
592,7,ACCEPTABLE
593,2,EXCESSIVE
594,4,SHORT
595,6,SHORT
596,3,SHORT
597,5,ACCEPTABLE
598,7,ACCEPTABLE
599,1,ACCEPTABLE
600,9,ACCEPTABLE
601,4,SHORT
602,9,ACCEPTABLE
603,7,SHORT
604,5,SHORT
605,6,SHORT
606,1,SHORT
607,4,SHORT
608,5,EXCESSIVE
609,4,EXCESSIVE
610,4,SHORT
611,4,EXCESSIVE
612,3,SHORT
613,4,ACCEPTABLE
614,3,EXCESSIVE
615,6,SHORT
616,9,SHORT
617,3,EXCESSIVE
618,7,ACCEPTABLE
619,3,ACCEPTABLE
620,1,SHORT
621,3,SHORT
622,8,ACCEPTABLE
623,6,ACCEPTABLE
624,4,EXCESSIVE
625,9,EXCESSIVE
626,8,SHORT
627,3,ACCEPTABLE
628,5,SHORT
629,3,EXCESSIVE
630,5,ACCEPTABLE
631,8,SHORT
632,9,ACCEPTABLE
633,7,SHORT
634,9,EXCESSIVE
635,1,ACCEPTABLE
636,6,EXCESSIVE
637,7,SHORT
638,2,ACCEPTABLE
639,9,SHORT
640,6,SHORT
641,4,EXCESSIVE
642,2,ACCEPTABLE
643,3,SHORT
644,6,EXCESSIVE
645,5,EXCESSIVE
646,5,ACCEPTABLE
647,2,EXCESSIVE
648,7,EXCESSIVE
649,5,ACCEPTABLE
650,3,SHORT
651,4,ACCEPTABLE
652,9,ACCEPTABLE
653,7,ACCEPTABLE
654,7,SHORT
655,5,EXCESSIVE
656,1,EXCESSIVE
657,2,SHORT
658,5,EXCESSIVE
659,5,SHORT
660,9,SHORT
661,8,EXCESSIVE
662,1,EXCESSIVE
663,9,EXCESSIVE
664,1,ACCEPTABLE
665,5,EXCESSIVE
666,4,ACCEPTABLE
667,6,ACCEPTABLE
668,3,SHORT
669,4,EXCESSIVE
670,8,ACCEPTABLE
671,1,SHORT
672,5,EXCESSIVE
673,2,EXCESSIVE
674,7,ACCEPTABLE
675,3,ACCEPTABLE
676,1,ACCEPTABLE
677,2,ACCEPTABLE
678,5,EXCESSIVE
679,8,ACCEPTABLE
680,1,ACCEPTABLE
681,8,ACCEPTABLE
682,9,ACCEPTABLE
683,5,EXCESSIVE
684,4,ACCEPTABLE
685,4,SHORT
686,1,SHORT
687,1,EXCESSIVE
688,5,EXCESSIVE
689,1,EXCESSIVE
690,4,EXCESSIVE
691,4,EXCESSIVE
692,6,ACCEPTABLE
693,6,SHORT
694,1,SHORT
695,1,EXCESSIVE
696,4,EXCESSIVE
697,2,EXCESSIVE
698,2,ACCEPTABLE
699,3,SHORT
700,4,ACCEPTABLE
701,1,EXCESSIVE
702,8,ACCEPTABLE
703,2,SHORT
704,9,ACCEPTABLE
705,1,ACCEPTABLE
706,3,SHORT
707,2,ACCEPTABLE
708,8,SHORT
709,3,ACCEPTABLE
710,8,ACCEPTABLE
711,8,ACCEPTABLE
712,9,EXCESSIVE
713,3,ACCEPTABLE
714,2,ACCEPTABLE
715,6,EXCESSIVE
716,2,EXCESSIVE
717,3,ACCEPTABLE
718,4,EXCESSIVE
719,2,EXCESSIVE
720,7,EXCESSIVE
721,2,ACCEPTABLE
722,7,EXCESSIVE
723,8,EXCESSIVE
724,6,EXCESSIVE
725,1,ACCEPTABLE
726,7,ACCEPTABLE
727,4,ACCEPTABLE
728,5,ACCEPTABLE
729,5,ACCEPTABLE
730,2,SHORT
731,7,EXCESSIVE
732,9,EXCESSIVE
733,2,ACCEPTABLE
734,5,ACCEPTABLE
735,1,EXCESSIVE
736,1,ACCEPTABLE
737,8,SHORT
738,2,SHORT
739,8,SHORT
740,2,EXCESSIVE
741,5,EXCESSIVE
742,1,SHORT
743,9,ACCEPTABLE
744,9,EXCESSIVE
745,9,EXCESSIVE
746,3,SHORT
747,2,ACCEPTABLE
748,9,ACCEPTABLE
749,5,SHORT
750,8,SHORT
751,2,SHORT
752,5,SHORT
753,8,ACCEPTABLE
754,2,ACCEPTABLE
755,9,EXCESSIVE
756,9,ACCEPTABLE
757,5,SHORT
758,9,ACCEPTABLE
759,5,ACCEPTABLE
760,2,SHORT
761,7,ACCEPTABLE
762,7,ACCEPTABLE
763,8,EXCESSIVE
764,7,ACCEPTABLE
765,5,ACCEPTABLE
766,2,EXCESSIVE
767,6,ACCEPTABLE
768,3,EXCESSIVE
769,4,EXCESSIVE
770,3,ACCEPTABLE
771,1,SHORT
772,4,ACCEPTABLE
773,5,SHORT
774,3,EXCESSIVE
775,9,ACCEPTABLE
776,8,EXCESSIVE
777,1,ACCEPTABLE
778,7,SHORT
779,4,SHORT
780,4,ACCEPTABLE
781,5,EXCESSIVE
782,2,ACCEPTABLE
783,8,SHORT
784,6,EXCESSIVE
785,4,ACCEPTABLE
786,6,ACCEPTABLE
787,1,EXCESSIVE
788,3,ACCEPTABLE
789,6,EXCESSIVE
790,3,ACCEPTABLE
791,6,ACCEPTABLE
792,4,ACCEPTABLE
793,8,ACCEPTABLE
794,6,SHORT
795,4,ACCEPTABLE
796,9,EXCESSIVE
797,7,ACCEPTABLE
798,1,ACCEPTABLE
799,5,SHORT
800,1,EXCESSIVE
801,1,ACCEPTABLE
802,2,EXCESSIVE
803,4,EXCESSIVE
804,2,SHORT
805,6,EXCESSIVE
806,4,ACCEPTABLE
807,2,SHORT
808,8,ACCEPTABLE
809,7,EXCESSIVE
810,8,SHORT
811,8,EXCESSIVE
812,9,ACCEPTABLE
813,2,EXCESSIVE
814,7,EXCESSIVE
815,3,EXCESSIVE
816,9,SHORT
817,4,ACCEPTABLE
818,9,EXCESSIVE
819,1,ACCEPTABLE
820,5,EXCESSIVE
821,2,SHORT
822,7,SHORT
823,6,ACCEPTABLE
824,7,EXCESSIVE
825,7,SHORT
826,8,EXCESSIVE
827,5,ACCEPTABLE
828,7,SHORT
829,8,EXCESSIVE
830,7,EXCESSIVE
831,3,ACCEPTABLE
832,2,SHORT
833,6,SHORT
834,8,ACCEPTABLE
835,5,SHORT
836,7,EXCESSIVE
837,6,ACCEPTABLE
838,3,ACCEPTABLE
839,9,EXCESSIVE
840,6,EXCESSIVE
841,1,ACCEPTABLE
842,3,SHORT
843,4,ACCEPTABLE
844,2,SHORT
845,7,EXCESSIVE
846,1,ACCEPTABLE
847,2,SHORT
848,6,EXCESSIVE
849,8,ACCEPTABLE
850,9,SHORT
851,7,SHORT
852,7,EXCESSIVE
853,4,EXCESSIVE
854,1,EXCESSIVE
855,7,SHORT
856,7,SHORT
857,4,ACCEPTABLE
858,9,EXCESSIVE
859,2,ACCEPTABLE
860,3,ACCEPTABLE
861,2,ACCEPTABLE
862,9,EXCESSIVE
863,5,ACCEPTABLE
864,3,SHORT
865,9,EXCESSIVE
866,9,EXCESSIVE
867,1,ACCEPTABLE
868,8,EXCESSIVE
869,9,ACCEPTABLE
870,3,SHORT
871,5,SHORT
872,1,ACCEPTABLE
873,1,EXCESSIVE
874,3,SHORT
875,4,EXCESSIVE
876,7,EXCESSIVE
877,5,ACCEPTABLE
878,6,ACCEPTABLE
879,1,ACCEPTABLE
880,4,ACCEPTABLE
881,8,EXCESSIVE
882,6,SHORT
883,6,EXCESSIVE
884,9,EXCESSIVE
885,6,EXCESSIVE
886,8,SHORT
887,1,EXCESSIVE
888,7,ACCEPTABLE
889,9,SHORT
890,6,SHORT
891,4,ACCEPTABLE
892,5,ACCEPTABLE
893,3,ACCEPTABLE
894,6,ACCEPTABLE
895,1,ACCEPTABLE
896,3,ACCEPTABLE
897,5,EXCESSIVE
898,7,ACCEPTABLE
899,2,ACCEPTABLE
900,9,EXCESSIVE
901,4,SHORT
902,9,EXCESSIVE
903,3,EXCESSIVE
904,2,ACCEPTABLE
905,7,ACCEPTABLE
906,6,ACCEPTABLE
907,6,SHORT
908,4,EXCESSIVE
909,5,SHORT
910,8,EXCESSIVE
911,5,SHORT
912,1,ACCEPTABLE
913,1,EXCESSIVE
914,6,ACCEPTABLE
915,6,SHORT
916,9,SHORT
917,9,SHORT
918,3,ACCEPTABLE
919,4,EXCESSIVE
920,4,SHORT
921,4,SHORT
922,9,ACCEPTABLE
923,8,EXCESSIVE
924,3,SHORT
925,1,SHORT
926,9,EXCESSIVE
927,4,EXCESSIVE
928,7,SHORT
929,8,SHORT
930,5,ACCEPTABLE
931,8,SHORT
932,6,EXCESSIVE
933,7,SHORT
934,9,SHORT
935,7,EXCESSIVE
936,9,EXCESSIVE
937,8,EXCESSIVE
938,2,EXCESSIVE
939,7,EXCESSIVE
940,4,EXCESSIVE
941,3,EXCESSIVE
942,5,SHORT
943,3,SHORT
944,6,EXCESSIVE
945,5,ACCEPTABLE
946,1,EXCESSIVE
947,9,SHORT
948,8,EXCESSIVE
949,9,EXCESSIVE
950,9,ACCEPTABLE
951,8,SHORT
952,9,EXCESSIVE
953,5,EXCESSIVE
954,7,EXCESSIVE
955,8,ACCEPTABLE
956,5,SHORT
957,1,EXCESSIVE
958,2,ACCEPTABLE
959,7,ACCEPTABLE
960,2,EXCESSIVE
961,9,ACCEPTABLE
962,5,EXCESSIVE
963,7,ACCEPTABLE
964,3,SHORT
965,9,SHORT
966,4,ACCEPTABLE
967,8,EXCESSIVE
968,9,EXCESSIVE
969,4,ACCEPTABLE
970,8,ACCEPTABLE
971,3,SHORT
972,4,SHORT
973,4,EXCESSIVE
974,4,EXCESSIVE
975,2,ACCEPTABLE
976,1,ACCEPTABLE
977,8,EXCESSIVE
978,3,ACCEPTABLE
979,1,EXCESSIVE
980,5,EXCESSIVE
981,2,ACCEPTABLE
982,7,EXCESSIVE
983,7,EXCESSIVE
984,6,ACCEPTABLE
985,6,SHORT
986,3,ACCEPTABLE
987,9,SHORT
988,5,EXCESSIVE
989,1,SHORT
990,6,SHORT
991,5,ACCEPTABLE
992,9,ACCEPTABLE
993,2,EXCESSIVE
994,8,SHORT
995,1,SHORT
996,1,EXCESSIVE
997,5,EXCESSIVE
998,7,SHORT
999,8,ACCEPTABLE
1000,9,SHORT
1001,4,SHORT
1002,5,SHORT
1003,1,SHORT
1004,2,EXCESSIVE
1005,5,ACCEPTABLE
1006,4,SHORT
1007,1,ACCEPTABLE
1008,8,EXCESSIVE
1009,5,EXCESSIVE
1010,5,EXCESSIVE
1011,9,SHORT
1012,8,SHORT
1013,1,SHORT
1014,3,EXCESSIVE
1015,5,EXCESSIVE
1016,8,EXCESSIVE
1017,9,SHORT
1018,3,SHORT
1019,5,SHORT
1020,7,SHORT
1021,3,ACCEPTABLE
1022,9,SHORT
1023,8,EXCESSIVE
1024,8,EXCESSIVE
1025,8,ACCEPTABLE
1026,8,SHORT
1027,7,ACCEPTABLE
1028,9,SHORT
1029,5,SHORT
1030,7,ACCEPTABLE
1031,5,EXCESSIVE
1032,1,EXCESSIVE
1033,4,ACCEPTABLE
1034,4,SHORT
1035,3,EXCESSIVE
1036,3,ACCEPTABLE
1037,8,SHORT
1038,7,EXCESSIVE
1039,3,ACCEPTABLE
1040,3,EXCESSIVE
1041,9,ACCEPTABLE
1042,1,SHORT
1043,7,SHORT
1044,7,SHORT
1045,1,EXCESSIVE
1046,9,ACCEPTABLE
1047,6,SHORT
1048,4,SHORT
1049,7,ACCEPTABLE
1050,9,EXCESSIVE
1051,8,ACCEPTABLE
1052,7,ACCEPTABLE
1053,2,ACCEPTABLE
1054,8,SHORT
1055,5,EXCESSIVE
1056,9,EXCESSIVE
1057,1,ACCEPTABLE
1058,3,EXCESSIVE
1059,3,ACCEPTABLE
1060,4,ACCEPTABLE
1061,3,ACCEPTABLE
1062,7,EXCESSIVE
1063,3,EXCESSIVE
1064,9,SHORT
1065,1,ACCEPTABLE
1066,2,SHORT
1067,1,SHORT
1068,6,SHORT
1069,4,ACCEPTABLE
1070,6,ACCEPTABLE
1071,9,ACCEPTABLE
1072,7,SHORT
1073,2,ACCEPTABLE
1074,7,SHORT
1075,2,ACCEPTABLE
1076,1,EXCESSIVE
1077,6,EXCESSIVE
1078,7,SHORT
1079,9,ACCEPTABLE
1080,7,SHORT
1081,8,ACCEPTABLE
1082,5,EXCESSIVE
1083,7,EXCESSIVE
1084,4,ACCEPTABLE
1085,9,ACCEPTABLE
1086,9,ACCEPTABLE
1087,7,ACCEPTABLE
1088,6,EXCESSIVE
1089,3,ACCEPTABLE
1090,4,ACCEPTABLE
1091,5,ACCEPTABLE
1092,4,EXCESSIVE
1093,9,ACCEPTABLE
1094,7,SHORT
1095,9,ACCEPTABLE
1096,9,SHORT
1097,5,EXCESSIVE
1098,7,EXCESSIVE
1099,6,ACCEPTABLE
1100,1,EXCESSIVE
1101,8,SHORT
1102,7,EXCESSIVE
1103,7,EXCESSIVE
1104,9,EXCESSIVE
1105,9,ACCEPTABLE
1106,7,ACCEPTABLE
1107,8,SHORT
1108,4,SHORT
1109,3,ACCEPTABLE
1110,1,ACCEPTABLE
1111,7,EXCESSIVE
1112,2,EXCESSIVE
1113,4,EXCESSIVE
1114,7,EXCESSIVE
1115,3,EXCESSIVE
1116,1,SHORT
1117,9,EXCESSIVE
1118,9,SHORT
1119,4,EXCESSIVE
1120,1,EXCESSIVE
1121,2,SHORT
1122,1,SHORT
1123,7,EXCESSIVE
1124,8,ACCEPTABLE
1125,6,ACCEPTABLE
1126,3,SHORT
1127,2,ACCEPTABLE
1128,5,ACCEPTABLE
1129,7,ACCEPTABLE
1130,7,ACCEPTABLE
1131,5,EXCESSIVE
1132,1,EXCESSIVE
1133,2,SHORT
1134,6,SHORT
1135,9,EXCESSIVE
1136,6,ACCEPTABLE
1137,9,SHORT
1138,2,SHORT
1139,4,ACCEPTABLE
1140,9,SHORT
1141,4,EXCESSIVE
1142,5,SHORT
1143,9,SHORT
1144,6,ACCEPTABLE
1145,6,ACCEPTABLE
1146,7,SHORT
1147,4,ACCEPTABLE
1148,9,SHORT
1149,2,ACCEPTABLE
1150,7,SHORT
1151,2,SHORT
1152,8,EXCESSIVE
1153,1,EXCESSIVE
1154,3,SHORT
1155,3,SHORT
1156,4,ACCEPTABLE
1157,1,SHORT
1158,6,SHORT
1159,2,SHORT
1160,1,EXCESSIVE
1161,2,SHORT
1162,3,SHORT
1163,9,ACCEPTABLE
1164,5,ACCEPTABLE
1165,2,EXCESSIVE
1166,6,SHORT
1167,1,EXCESSIVE
1168,9,SHORT
1169,2,EXCESSIVE
1170,5,ACCEPTABLE
1171,6,ACCEPTABLE
1172,3,SHORT
1173,6,EXCESSIVE
1174,2,EXCESSIVE
1175,7,SHORT
1176,8,EXCESSIVE
1177,2,ACCEPTABLE
1178,8,SHORT
1179,7,EXCESSIVE
1180,2,SHORT
1181,9,ACCEPTABLE
1182,7,ACCEPTABLE
1183,4,SHORT
1184,6,EXCESSIVE
1185,6,SHORT
1186,2,EXCESSIVE
1187,7,SHORT
1188,4,EXCESSIVE
1189,3,ACCEPTABLE
1190,5,ACCEPTABLE
1191,7,EXCESSIVE
1192,6,EXCESSIVE
1193,1,ACCEPTABLE
1194,7,EXCESSIVE
1195,4,ACCEPTABLE
1196,6,ACCEPTABLE
1197,5,SHORT
1198,5,ACCEPTABLE
1199,9,ACCEPTABLE
1200,8,EXCESSIVE
1201,2,EXCESSIVE
1202,5,EXCESSIVE
1203,8,EXCESSIVE
1204,4,ACCEPTABLE
1205,4,SHORT
1206,5,SHORT
1207,6,SHORT
1208,7,ACCEPTABLE
1209,1,ACCEPTABLE
1210,6,SHORT
1211,5,ACCEPTABLE
1212,1,ACCEPTABLE
1213,8,EXCESSIVE
1214,2,SHORT
1215,7,ACCEPTABLE
1216,4,SHORT
1217,1,EXCESSIVE
1218,4,EXCESSIVE
1219,1,SHORT
1220,5,EXCESSIVE
1221,4,EXCESSIVE
1222,4,EXCESSIVE
1223,9,SHORT
1224,1,ACCEPTABLE
1225,6,SHORT
1226,9,EXCESSIVE
1227,4,SHORT
1228,4,EXCESSIVE
1229,2,ACCEPTABLE
1230,8,SHORT
1231,6,ACCEPTABLE
1232,4,ACCEPTABLE
1233,2,SHORT
1234,6,ACCEPTABLE
1235,5,EXCESSIVE
1236,8,ACCEPTABLE
1237,9,SHORT
1238,2,EXCESSIVE
1239,4,SHORT
1240,5,SHORT
1241,7,SHORT
1242,7,ACCEPTABLE
1243,5,EXCESSIVE
1244,8,SHORT
1245,5,ACCEPTABLE
1246,2,ACCEPTABLE
1247,3,SHORT
1248,4,SHORT
1249,9,EXCESSIVE
1250,9,SHORT
1251,2,SHORT
1252,8,ACCEPTABLE
1253,5,SHORT
1254,4,SHORT
1255,2,ACCEPTABLE
1256,7,SHORT
1257,1,ACCEPTABLE
1258,9,EXCESSIVE
1259,7,EXCESSIVE
1260,5,SHORT
1261,3,EXCESSIVE
1262,7,ACCEPTABLE
1263,6,ACCEPTABLE
1264,4,EXCESSIVE
1265,3,EXCESSIVE
1266,7,ACCEPTABLE
1267,8,ACCEPTABLE
1268,4,SHORT
1269,4,ACCEPTABLE
1270,6,SHORT
1271,8,ACCEPTABLE
1272,2,SHORT
1273,8,EXCESSIVE
1274,1,ACCEPTABLE
1275,2,EXCESSIVE
1276,5,ACCEPTABLE
1277,4,SHORT
1278,8,ACCEPTABLE
1279,6,EXCESSIVE
1280,7,SHORT
1281,1,ACCEPTABLE
1282,6,EXCESSIVE
1283,5,SHORT
1284,8,SHORT
1285,8,EXCESSIVE
1286,2,SHORT
1287,6,ACCEPTABLE
1288,4,SHORT
1289,5,EXCESSIVE
1290,1,SHORT
1291,8,EXCESSIVE
1292,7,SHORT
1293,4,EXCESSIVE
1294,7,EXCESSIVE
1295,3,EXCESSIVE
1296,9,ACCEPTABLE
1297,4,SHORT
1298,8,ACCEPTABLE
1299,2,SHORT
1300,4,ACCEPTABLE
1301,9,EXCESSIVE
1302,4,EXCESSIVE
1303,6,SHORT
1304,4,EXCESSIVE
1305,8,EXCESSIVE
1306,5,EXCESSIVE
1307,2,ACCEPTABLE
1308,8,ACCEPTABLE
1309,4,EXCESSIVE
1310,8,SHORT
1311,3,ACCEPTABLE
1312,4,EXCESSIVE
1313,3,EXCESSIVE
1314,5,EXCESSIVE
1315,6,EXCESSIVE
1316,4,EXCESSIVE
1317,8,ACCEPTABLE
1318,5,ACCEPTABLE
1319,6,ACCEPTABLE
1320,5,ACCEPTABLE
1321,8,ACCEPTABLE
1322,9,EXCESSIVE
1323,4,SHORT
1324,3,SHORT
1325,7,EXCESSIVE
1326,8,SHORT
1327,2,ACCEPTABLE
1328,9,EXCESSIVE
1329,7,ACCEPTABLE
1330,8,SHORT
1331,3,EXCESSIVE
1332,9,SHORT
1333,6,EXCESSIVE
1334,3,ACCEPTABLE
1335,6,ACCEPTABLE
1336,7,SHORT
1337,9,SHORT
1338,9,ACCEPTABLE
1339,4,EXCESSIVE
1340,3,SHORT
1341,4,EXCESSIVE
1342,3,EXCESSIVE
1343,8,ACCEPTABLE
1344,1,SHORT
1345,6,EXCESSIVE
1346,4,SHORT
1347,2,ACCEPTABLE
1348,8,ACCEPTABLE
1349,9,EXCESSIVE
1350,5,ACCEPTABLE
1351,7,SHORT
1352,1,ACCEPTABLE
1353,1,EXCESSIVE
1354,3,EXCESSIVE
1355,1,SHORT
1356,1,EXCESSIVE
1357,1,ACCEPTABLE
1358,6,ACCEPTABLE
1359,1,SHORT
1360,7,SHORT
1361,1,SHORT
1362,5,SHORT
1363,9,ACCEPTABLE
1364,7,SHORT
1365,1,EXCESSIVE
1366,7,ACCEPTABLE
1367,4,EXCESSIVE
1368,7,EXCESSIVE
1369,2,ACCEPTABLE
1370,5,ACCEPTABLE
1371,1,EXCESSIVE
1372,4,SHORT
1373,6,EXCESSIVE
1374,6,EXCESSIVE
1375,5,SHORT
1376,1,SHORT
1377,2,SHORT
1378,6,ACCEPTABLE
1379,7,SHORT
1380,3,ACCEPTABLE
1381,4,EXCESSIVE
1382,2,ACCEPTABLE
1383,4,SHORT
1384,3,SHORT
1385,8,SHORT
1386,4,ACCEPTABLE
1387,4,SHORT
1388,4,EXCESSIVE
1389,5,EXCESSIVE
1390,7,ACCEPTABLE
1391,5,SHORT
1392,2,SHORT
1393,4,EXCESSIVE
1394,7,ACCEPTABLE
1395,6,EXCESSIVE
1396,1,ACCEPTABLE
1397,6,SHORT
1398,6,SHORT
1399,9,SHORT
1400,6,SHORT
1401,4,ACCEPTABLE
1402,4,SHORT
1403,3,SHORT
1404,3,ACCEPTABLE
1405,7,EXCESSIVE
1406,8,ACCEPTABLE
1407,9,ACCEPTABLE
1408,6,ACCEPTABLE
1409,7,SHORT
1410,5,ACCEPTABLE
1411,9,ACCEPTABLE
1412,7,SHORT
1413,3,ACCEPTABLE
1414,9,ACCEPTABLE
1415,1,SHORT
1416,4,SHORT
1417,1,EXCESSIVE
1418,7,ACCEPTABLE
1419,1,SHORT
1420,4,ACCEPTABLE
1421,3,SHORT
1422,7,SHORT
1423,1,ACCEPTABLE
1424,1,SHORT
1425,7,SHORT
1426,4,SHORT
1427,3,SHORT
1428,8,ACCEPTABLE
1429,4,EXCESSIVE
1430,1,SHORT
1431,4,ACCEPTABLE
1432,6,EXCESSIVE
1433,7,ACCEPTABLE
1434,3,EXCESSIVE
1435,3,EXCESSIVE
1436,1,EXCESSIVE
1437,9,SHORT
1438,9,SHORT
1439,7,EXCESSIVE
1440,5,EXCESSIVE
1441,4,ACCEPTABLE
1442,8,SHORT
1443,6,EXCESSIVE
1444,1,SHORT
1445,1,EXCESSIVE
1446,6,ACCEPTABLE
1447,6,SHORT
1448,4,EXCESSIVE
1449,4,EXCESSIVE
1450,3,ACCEPTABLE
1451,5,EXCESSIVE
1452,3,SHORT
1453,4,EXCESSIVE
1454,9,EXCESSIVE
1455,8,ACCEPTABLE
1456,5,EXCESSIVE
1457,8,ACCEPTABLE
1458,2,SHORT
1459,4,SHORT
1460,4,ACCEPTABLE
1461,2,EXCESSIVE
1462,5,EXCESSIVE
1463,4,SHORT
1464,9,EXCESSIVE
1465,1,SHORT
1466,7,ACCEPTABLE
1467,9,ACCEPTABLE
1468,5,ACCEPTABLE
1469,6,SHORT
1470,7,ACCEPTABLE
1471,2,SHORT
1472,9,ACCEPTABLE
1473,1,ACCEPTABLE
1474,5,SHORT
1475,5,EXCESSIVE
1476,1,ACCEPTABLE
1477,1,SHORT
1478,8,SHORT
1479,5,SHORT
1480,2,ACCEPTABLE
1481,7,SHORT
1482,8,EXCESSIVE
1483,1,ACCEPTABLE
1484,2,EXCESSIVE
1485,2,SHORT
1486,2,SHORT
1487,9,ACCEPTABLE
1488,7,SHORT
1489,1,SHORT
1490,4,SHORT
1491,9,ACCEPTABLE
1492,2,EXCESSIVE
1493,3,ACCEPTABLE
1494,9,EXCESSIVE
1495,1,EXCESSIVE
1496,5,SHORT
1497,7,EXCESSIVE
1498,2,SHORT
1499,4,ACCEPTABLE
1500,9,EXCESSIVE
1501,3,SHORT
1502,5,SHORT
1503,3,EXCESSIVE
1504,5,ACCEPTABLE
1505,2,SHORT
1506,6,ACCEPTABLE
1507,9,ACCEPTABLE
1508,9,EXCESSIVE
1509,2,ACCEPTABLE
1510,8,SHORT
1511,4,ACCEPTABLE
1512,6,EXCESSIVE
1513,6,ACCEPTABLE
1514,2,ACCEPTABLE
1515,8,EXCESSIVE
1516,8,ACCEPTABLE
1517,7,ACCEPTABLE
1518,6,ACCEPTABLE
1519,3,SHORT
1520,7,SHORT
1521,8,SHORT
1522,9,ACCEPTABLE
1523,7,EXCESSIVE
1524,9,EXCESSIVE
1525,6,SHORT
1526,6,EXCESSIVE
1527,4,EXCESSIVE
1528,2,EXCESSIVE
1529,9,SHORT
1530,3,ACCEPTABLE
1531,6,ACCEPTABLE
1532,5,EXCESSIVE
1533,3,SHORT
1534,4,EXCESSIVE
1535,2,SHORT
1536,8,SHORT
1537,1,SHORT
1538,4,SHORT
1539,7,ACCEPTABLE
1540,4,EXCESSIVE
1541,5,ACCEPTABLE
1542,1,SHORT
1543,9,SHORT
1544,7,ACCEPTABLE
1545,3,ACCEPTABLE
1546,4,EXCESSIVE
1547,7,ACCEPTABLE
1548,3,SHORT
1549,3,EXCESSIVE
1550,5,ACCEPTABLE
1551,7,ACCEPTABLE
1552,9,ACCEPTABLE
1553,8,EXCESSIVE
1554,6,SHORT
1555,8,SHORT
1556,1,SHORT
1557,1,EXCESSIVE
1558,1,EXCESSIVE
1559,4,EXCESSIVE
1560,1,EXCESSIVE
1561,4,EXCESSIVE
1562,6,EXCESSIVE
1563,2,SHORT
1564,3,ACCEPTABLE
1565,7,SHORT
1566,1,SHORT
1567,5,SHORT
1568,7,SHORT
1569,1,ACCEPTABLE
1570,8,EXCESSIVE
1571,2,EXCESSIVE
1572,4,SHORT
1573,5,ACCEPTABLE
1574,6,EXCESSIVE
1575,5,ACCEPTABLE
1576,5,EXCESSIVE
1577,5,ACCEPTABLE
1578,4,SHORT
1579,9,EXCESSIVE
1580,6,ACCEPTABLE
1581,4,SHORT
1582,2,EXCESSIVE
1583,7,SHORT
1584,1,EXCESSIVE
1585,6,EXCESSIVE
1586,6,SHORT
1587,4,ACCEPTABLE
1588,1,ACCEPTABLE
1589,2,ACCEPTABLE
1590,3,SHORT
1591,8,ACCEPTABLE
1592,5,SHORT
1593,2,ACCEPTABLE
1594,2,SHORT
1595,6,EXCESSIVE
1596,8,SHORT
1597,9,SHORT
1598,5,EXCESSIVE
1599,1,EXCESSIVE
1600,1,ACCEPTABLE
1601,9,ACCEPTABLE
1602,5,SHORT
1603,1,EXCESSIVE
1604,5,ACCEPTABLE
1605,5,ACCEPTABLE
1606,3,EXCESSIVE
1607,2,SHORT
1608,5,SHORT
1609,2,EXCESSIVE
1610,5,EXCESSIVE
1611,2,ACCEPTABLE
1612,3,ACCEPTABLE
1613,2,ACCEPTABLE
1614,4,ACCEPTABLE
1615,9,SHORT
1616,3,ACCEPTABLE
1617,6,EXCESSIVE
1618,4,SHORT
1619,6,ACCEPTABLE
1620,2,EXCESSIVE
1621,6,SHORT
1622,9,SHORT
1623,2,ACCEPTABLE
1624,9,EXCESSIVE
1625,8,ACCEPTABLE
1626,8,EXCESSIVE
1627,7,SHORT
1628,8,ACCEPTABLE
1629,1,ACCEPTABLE
1630,6,ACCEPTABLE
1631,4,ACCEPTABLE
1632,2,EXCESSIVE
1633,7,SHORT
1634,6,SHORT
1635,2,EXCESSIVE
1636,1,ACCEPTABLE
1637,6,EXCESSIVE
1638,9,SHORT
1639,8,EXCESSIVE
1640,4,SHORT
1641,7,EXCESSIVE
1642,8,SHORT
1643,6,ACCEPTABLE
1644,8,EXCESSIVE
1645,1,SHORT
1646,3,ACCEPTABLE
1647,7,EXCESSIVE
1648,3,EXCESSIVE
1649,6,ACCEPTABLE
1650,1,SHORT
1651,8,EXCESSIVE
1652,7,SHORT
1653,8,ACCEPTABLE
1654,3,EXCESSIVE
1655,9,SHORT
1656,7,EXCESSIVE
1657,8,EXCESSIVE
1658,4,EXCESSIVE
1659,6,ACCEPTABLE
1660,3,SHORT
1661,2,SHORT
1662,1,ACCEPTABLE
1663,9,SHORT
1664,4,ACCEPTABLE
1665,6,ACCEPTABLE
1666,7,ACCEPTABLE
1667,1,SHORT
1668,9,SHORT
1669,8,ACCEPTABLE
1670,1,SHORT
1671,6,SHORT
1672,4,ACCEPTABLE
1673,5,SHORT
1674,4,SHORT
1675,9,SHORT
1676,8,EXCESSIVE
1677,8,ACCEPTABLE
1678,6,SHORT
1679,8,ACCEPTABLE
1680,7,SHORT
1681,2,EXCESSIVE
1682,4,ACCEPTABLE
1683,9,ACCEPTABLE
1684,8,ACCEPTABLE
1685,2,SHORT
1686,1,SHORT
1687,9,SHORT
1688,4,SHORT
1689,9,ACCEPTABLE
1690,9,EXCESSIVE
1691,9,ACCEPTABLE
1692,5,EXCESSIVE
1693,1,EXCESSIVE
1694,3,SHORT
1695,7,SHORT
1696,3,ACCEPTABLE
1697,3,EXCESSIVE
1698,3,ACCEPTABLE
1699,8,EXCESSIVE
1700,4,EXCESSIVE
1701,4,EXCESSIVE
1702,4,ACCEPTABLE
1703,2,SHORT
1704,8,ACCEPTABLE
1705,3,EXCESSIVE
1706,7,SHORT
1707,3,SHORT
1708,5,EXCESSIVE
1709,2,ACCEPTABLE
1710,2,EXCESSIVE
1711,3,SHORT
1712,6,ACCEPTABLE
1713,9,ACCEPTABLE
1714,9,EXCESSIVE
1715,8,SHORT
1716,1,SHORT
1717,1,EXCESSIVE
1718,9,SHORT
1719,6,SHORT
1720,5,SHORT
1721,4,ACCEPTABLE
1722,2,EXCESSIVE
1723,2,ACCEPTABLE
1724,3,ACCEPTABLE
1725,6,EXCESSIVE
1726,8,SHORT
1727,5,SHORT
1728,6,SHORT
1729,6,SHORT
1730,3,EXCESSIVE
1731,9,EXCESSIVE
1732,3,ACCEPTABLE
1733,1,EXCESSIVE
1734,7,SHORT
1735,1,ACCEPTABLE
1736,4,EXCESSIVE
1737,7,EXCESSIVE
1738,4,EXCESSIVE
1739,1,SHORT
1740,7,SHORT
1741,8,EXCESSIVE
1742,2,SHORT
1743,3,EXCESSIVE
1744,9,EXCESSIVE
1745,9,SHORT
1746,2,SHORT
1747,5,EXCESSIVE
1748,7,SHORT
1749,3,SHORT
1750,2,EXCESSIVE
1751,1,EXCESSIVE
1752,2,EXCESSIVE
1753,5,ACCEPTABLE
1754,3,EXCESSIVE
1755,7,SHORT
1756,8,SHORT
1757,8,EXCESSIVE
1758,5,EXCESSIVE
1759,1,SHORT
1760,3,SHORT
1761,4,SHORT
1762,8,EXCESSIVE
1763,8,EXCESSIVE
1764,3,ACCEPTABLE
1765,4,EXCESSIVE
1766,7,SHORT
1767,1,SHORT
1768,6,ACCEPTABLE
1769,4,EXCESSIVE
1770,5,ACCEPTABLE
1771,1,ACCEPTABLE
1772,8,SHORT
1773,5,EXCESSIVE
1774,3,EXCESSIVE
1775,7,SHORT
1776,8,ACCEPTABLE
1777,8,EXCESSIVE
1778,3,ACCEPTABLE
1779,5,EXCESSIVE
1780,1,SHORT
1781,3,EXCESSIVE
1782,6,ACCEPTABLE
1783,3,ACCEPTABLE
1784,4,ACCEPTABLE
1785,2,EXCESSIVE
1786,2,SHORT
1787,7,EXCESSIVE
1788,8,ACCEPTABLE
1789,1,ACCEPTABLE
1790,6,EXCESSIVE
1791,5,ACCEPTABLE
1792,1,ACCEPTABLE
1793,2,ACCEPTABLE
1794,5,EXCESSIVE
1795,6,ACCEPTABLE
1796,3,SHORT
1797,8,EXCESSIVE
1798,5,ACCEPTABLE
1799,2,ACCEPTABLE
1800,8,ACCEPTABLE
1801,6,ACCEPTABLE
1802,3,ACCEPTABLE
1803,3,SHORT
1804,6,ACCEPTABLE
1805,4,ACCEPTABLE
1806,2,SHORT
1807,9,EXCESSIVE
1808,6,ACCEPTABLE
1809,8,EXCESSIVE
1810,1,SHORT
1811,2,ACCEPTABLE
1812,8,EXCESSIVE
1813,4,SHORT
1814,6,ACCEPTABLE
1815,9,SHORT
1816,2,SHORT
1817,2,SHORT
1818,2,ACCEPTABLE
1819,3,EXCESSIVE
1820,7,SHORT
1821,9,SHORT
1822,1,EXCESSIVE
1823,8,ACCEPTABLE
1824,3,EXCESSIVE
1825,6,SHORT
1826,6,SHORT
1827,2,SHORT
1828,8,EXCESSIVE
1829,7,SHORT
1830,8,SHORT
1831,3,SHORT
1832,5,ACCEPTABLE
1833,2,SHORT
1834,2,ACCEPTABLE
1835,7,EXCESSIVE
1836,1,SHORT
1837,9,EXCESSIVE
1838,6,SHORT
1839,3,SHORT
1840,5,ACCEPTABLE
1841,9,SHORT
1842,8,EXCESSIVE
1843,5,SHORT
1844,3,ACCEPTABLE
1845,2,EXCESSIVE
1846,2,EXCESSIVE
1847,4,EXCESSIVE
1848,9,SHORT
1849,8,EXCESSIVE
1850,5,SHORT
1851,8,EXCESSIVE
1852,4,EXCESSIVE
1853,4,ACCEPTABLE
1854,3,EXCESSIVE
1855,3,ACCEPTABLE
1856,6,SHORT
1857,8,EXCESSIVE
1858,4,SHORT
1859,9,EXCESSIVE
1860,5,EXCESSIVE
1861,2,SHORT
1862,7,EXCESSIVE
1863,2,EXCESSIVE
1864,8,ACCEPTABLE
1865,9,ACCEPTABLE
1866,1,EXCESSIVE
1867,2,EXCESSIVE
1868,3,ACCEPTABLE
1869,7,SHORT
1870,6,EXCESSIVE
1871,1,SHORT
1872,8,EXCESSIVE
1873,2,ACCEPTABLE
1874,4,ACCEPTABLE
1875,3,EXCESSIVE
1876,2,SHORT
1877,3,EXCESSIVE
1878,1,SHORT
1879,8,ACCEPTABLE
1880,5,ACCEPTABLE
1881,9,EXCESSIVE
1882,6,EXCESSIVE
1883,8,ACCEPTABLE
1884,8,SHORT
1885,2,SHORT
1886,4,SHORT
1887,1,SHORT
1888,2,ACCEPTABLE
1889,2,ACCEPTABLE
1890,4,EXCESSIVE
1891,5,SHORT
1892,2,SHORT
1893,7,ACCEPTABLE
1894,7,ACCEPTABLE
1895,7,EXCESSIVE
1896,3,EXCESSIVE
1897,6,EXCESSIVE
1898,3,ACCEPTABLE
1899,4,ACCEPTABLE
1900,7,ACCEPTABLE
1901,1,EXCESSIVE
1902,6,SHORT
1903,2,ACCEPTABLE
1904,7,SHORT
1905,6,SHORT
1906,4,SHORT
1907,4,EXCESSIVE
1908,8,EXCESSIVE
1909,4,ACCEPTABLE
1910,6,ACCEPTABLE
1911,5,ACCEPTABLE
1912,8,EXCESSIVE
1913,1,SHORT
1914,5,SHORT
1915,2,EXCESSIVE
1916,8,ACCEPTABLE
1917,8,EXCESSIVE
1918,6,SHORT
1919,1,ACCEPTABLE
1920,6,SHORT
1921,4,SHORT
1922,6,SHORT
1923,7,ACCEPTABLE
1924,7,ACCEPTABLE
1925,7,SHORT
1926,1,EXCESSIVE
1927,8,ACCEPTABLE
1928,9,ACCEPTABLE
1929,5,SHORT
1930,1,ACCEPTABLE
1931,7,ACCEPTABLE
1932,9,SHORT
1933,9,EXCESSIVE
1934,9,EXCESSIVE
1935,5,ACCEPTABLE
1936,5,EXCESSIVE
1937,4,ACCEPTABLE
1938,1,EXCESSIVE
1939,1,ACCEPTABLE
1940,6,SHORT
1941,3,EXCESSIVE
1942,8,SHORT
1943,8,SHORT
1944,3,EXCESSIVE
1945,1,ACCEPTABLE
1946,2,ACCEPTABLE
1947,9,SHORT
1948,7,ACCEPTABLE
1949,9,ACCEPTABLE
1950,6,EXCESSIVE
1951,5,ACCEPTABLE
1952,4,ACCEPTABLE
1953,3,ACCEPTABLE
1954,3,ACCEPTABLE
1955,4,ACCEPTABLE
1956,4,SHORT
1957,3,SHORT
1958,8,EXCESSIVE
1959,7,SHORT
1960,4,SHORT
1961,3,EXCESSIVE
1962,7,SHORT
1963,8,EXCESSIVE
1964,9,ACCEPTABLE
1965,7,ACCEPTABLE
1966,6,ACCEPTABLE
1967,1,SHORT
1968,2,EXCESSIVE
1969,6,ACCEPTABLE
1970,2,SHORT
1971,8,ACCEPTABLE
1972,5,ACCEPTABLE
1973,5,EXCESSIVE
1974,8,ACCEPTABLE
1975,1,ACCEPTABLE
1976,9,EXCESSIVE
1977,5,ACCEPTABLE
1978,8,ACCEPTABLE
1979,1,ACCEPTABLE
1980,1,EXCESSIVE
1981,7,ACCEPTABLE
1982,3,SHORT
1983,4,SHORT
1984,3,SHORT
1985,3,SHORT
1986,8,SHORT
1987,6,ACCEPTABLE
1988,3,EXCESSIVE
1989,1,EXCESSIVE
1990,5,ACCEPTABLE
1991,8,EXCESSIVE
1992,7,EXCESSIVE
1993,6,SHORT
1994,3,SHORT
1995,1,ACCEPTABLE
1996,8,EXCESSIVE
1997,6,SHORT
1998,4,ACCEPTABLE
1999,8,EXCESSIVE
2000,2,ACCEPTABLE
2001,4,ACCEPTABLE
2002,1,ACCEPTABLE
2003,1,SHORT
2004,6,SHORT
2005,5,ACCEPTABLE
2006,1,SHORT
2007,9,SHORT
2008,2,SHORT
2009,5,ACCEPTABLE
2010,6,ACCEPTABLE
2011,1,ACCEPTABLE
2012,1,EXCESSIVE
2013,8,EXCESSIVE
2014,8,SHORT
2015,3,ACCEPTABLE
2016,9,SHORT
2017,9,SHORT
2018,9,ACCEPTABLE
2019,4,ACCEPTABLE
2020,9,SHORT
2021,9,EXCESSIVE
2022,1,ACCEPTABLE
2023,5,SHORT
2024,1,SHORT
2025,1,SHORT
2026,7,SHORT
2027,7,EXCESSIVE
2028,4,EXCESSIVE
2029,2,EXCESSIVE
2030,6,EXCESSIVE
2031,1,SHORT
2032,5,SHORT
2033,2,EXCESSIVE
2034,2,SHORT
2035,7,EXCESSIVE
2036,2,ACCEPTABLE
2037,9,EXCESSIVE
2038,7,SHORT
2039,4,ACCEPTABLE
2040,5,ACCEPTABLE
2041,1,SHORT
2042,5,EXCESSIVE
2043,9,SHORT
2044,6,EXCESSIVE
2045,3,SHORT
2046,6,SHORT
2047,5,ACCEPTABLE
2048,4,SHORT
2049,3,EXCESSIVE
2050,6,SHORT
2051,8,SHORT
2052,8,ACCEPTABLE
2053,4,ACCEPTABLE
2054,7,ACCEPTABLE
2055,3,SHORT
2056,4,ACCEPTABLE
2057,9,ACCEPTABLE
2058,7,ACCEPTABLE
2059,1,EXCESSIVE
2060,2,ACCEPTABLE
2061,9,SHORT
2062,9,SHORT
2063,8,EXCESSIVE
2064,6,ACCEPTABLE
2065,5,EXCESSIVE
2066,5,EXCESSIVE
2067,5,SHORT
2068,6,EXCESSIVE
2069,1,ACCEPTABLE
2070,6,ACCEPTABLE
2071,2,ACCEPTABLE
2072,9,ACCEPTABLE
2073,7,ACCEPTABLE
2074,6,EXCESSIVE
2075,9,EXCESSIVE
2076,6,SHORT
2077,5,EXCESSIVE
2078,2,EXCESSIVE
2079,1,ACCEPTABLE
2080,3,SHORT
2081,1,ACCEPTABLE
2082,3,SHORT
2083,2,ACCEPTABLE
2084,1,SHORT
2085,4,EXCESSIVE
2086,6,SHORT
2087,5,ACCEPTABLE
2088,6,SHORT
2089,8,ACCEPTABLE
2090,7,EXCESSIVE
2091,4,SHORT
2092,6,ACCEPTABLE
2093,8,SHORT
2094,9,ACCEPTABLE
2095,3,EXCESSIVE
2096,1,EXCESSIVE
2097,5,SHORT
2098,9,SHORT
2099,4,SHORT
2100,7,ACCEPTABLE
2101,8,SHORT
2102,3,EXCESSIVE
2103,8,SHORT
2104,5,SHORT
2105,8,EXCESSIVE
2106,1,SHORT
2107,2,ACCEPTABLE
2108,1,SHORT
2109,5,ACCEPTABLE
2110,3,SHORT
2111,2,EXCESSIVE
2112,7,ACCEPTABLE
2113,9,SHORT
2114,8,ACCEPTABLE
2115,6,SHORT
2116,3,EXCESSIVE
2117,2,ACCEPTABLE
2118,6,SHORT
2119,6,EXCESSIVE
2120,7,EXCESSIVE
2121,8,ACCEPTABLE
2122,9,SHORT
2123,8,SHORT
2124,3,ACCEPTABLE
2125,7,ACCEPTABLE
2126,4,ACCEPTABLE
2127,9,EXCESSIVE
2128,1,SHORT
2129,8,EXCESSIVE
2130,3,EXCESSIVE
2131,2,ACCEPTABLE
2132,8,EXCESSIVE
2133,7,ACCEPTABLE
2134,8,EXCESSIVE
2135,2,SHORT
2136,9,SHORT
2137,8,EXCESSIVE
2138,3,EXCESSIVE
2139,4,SHORT
2140,9,EXCESSIVE
2141,5,SHORT
2142,3,SHORT
2143,4,SHORT
2144,1,EXCESSIVE
2145,9,EXCESSIVE
2146,4,EXCESSIVE
2147,3,EXCESSIVE
2148,7,ACCEPTABLE
2149,8,EXCESSIVE
2150,6,SHORT
2151,1,EXCESSIVE
2152,6,EXCESSIVE
2153,9,ACCEPTABLE
2154,4,ACCEPTABLE
2155,1,ACCEPTABLE
2156,8,SHORT
2157,9,ACCEPTABLE
2158,4,SHORT
2159,3,SHORT
2160,2,ACCEPTABLE
2161,2,ACCEPTABLE
2162,5,ACCEPTABLE
2163,7,SHORT
2164,1,EXCESSIVE
2165,7,EXCESSIVE
2166,9,SHORT
2167,9,ACCEPTABLE
2168,8,EXCESSIVE
2169,7,ACCEPTABLE
2170,7,SHORT
2171,3,ACCEPTABLE
2172,1,ACCEPTABLE
2173,2,ACCEPTABLE
2174,5,SHORT
2175,2,EXCESSIVE
2176,6,EXCESSIVE
2177,6,ACCEPTABLE
2178,3,SHORT
2179,9,SHORT
2180,8,SHORT
2181,6,SHORT
2182,4,EXCESSIVE
2183,3,ACCEPTABLE
2184,1,SHORT
2185,1,ACCEPTABLE
2186,5,SHORT
2187,1,SHORT
2188,5,ACCEPTABLE
2189,5,SHORT
2190,9,ACCEPTABLE
2191,5,SHORT
2192,6,SHORT
2193,3,SHORT
2194,3,SHORT
2195,2,ACCEPTABLE
2196,7,EXCESSIVE
2197,8,ACCEPTABLE
2198,5,ACCEPTABLE
2199,9,EXCESSIVE
2200,2,SHORT
2201,8,SHORT
2202,7,EXCESSIVE
2203,4,SHORT
2204,8,EXCESSIVE
2205,2,ACCEPTABLE
2206,8,ACCEPTABLE
2207,7,ACCEPTABLE
2208,3,SHORT
2209,6,SHORT
2210,9,ACCEPTABLE
2211,3,ACCEPTABLE
2212,2,ACCEPTABLE
2213,8,ACCEPTABLE
2214,8,EXCESSIVE
2215,4,ACCEPTABLE
2216,5,EXCESSIVE
2217,2,SHORT
2218,7,SHORT
2219,7,SHORT
2220,5,EXCESSIVE
2221,1,ACCEPTABLE
2222,8,EXCESSIVE
2223,3,SHORT
2224,6,ACCEPTABLE
2225,2,EXCESSIVE
2226,1,ACCEPTABLE
2227,2,EXCESSIVE
2228,5,ACCEPTABLE
2229,3,EXCESSIVE
2230,2,EXCESSIVE
2231,1,ACCEPTABLE
2232,8,ACCEPTABLE
2233,9,EXCESSIVE
2234,9,SHORT
2235,7,SHORT
2236,5,ACCEPTABLE
2237,8,ACCEPTABLE
2238,1,SHORT
2239,4,SHORT
2240,5,ACCEPTABLE
2241,1,EXCESSIVE
2242,8,EXCESSIVE
2243,9,EXCESSIVE
2244,7,ACCEPTABLE
2245,4,SHORT
2246,8,ACCEPTABLE
2247,7,EXCESSIVE
2248,2,SHORT
2249,7,EXCESSIVE
2250,5,EXCESSIVE
2251,5,EXCESSIVE
2252,6,EXCESSIVE
2253,1,EXCESSIVE
2254,3,ACCEPTABLE
2255,4,SHORT
2256,1,SHORT
2257,3,EXCESSIVE
2258,7,SHORT
2259,5,SHORT
2260,5,SHORT
2261,9,EXCESSIVE
2262,2,SHORT
2263,4,ACCEPTABLE
2264,9,SHORT
2265,4,EXCESSIVE
2266,3,EXCESSIVE
2267,1,SHORT
2268,9,SHORT
2269,1,EXCESSIVE
2270,2,EXCESSIVE
2271,8,EXCESSIVE
2272,1,ACCEPTABLE
2273,2,SHORT
2274,9,ACCEPTABLE
2275,7,EXCESSIVE
2276,2,SHORT
2277,4,EXCESSIVE
2278,2,ACCEPTABLE
2279,5,EXCESSIVE
2280,9,ACCEPTABLE
2281,8,EXCESSIVE
2282,9,EXCESSIVE
2283,4,ACCEPTABLE
2284,7,EXCESSIVE
2285,4,EXCESSIVE
2286,6,SHORT
2287,9,EXCESSIVE
2288,4,ACCEPTABLE
2289,9,ACCEPTABLE
2290,9,SHORT
2291,6,EXCESSIVE
2292,2,EXCESSIVE
2293,1,SHORT
2294,2,ACCEPTABLE
2295,5,EXCESSIVE
2296,7,SHORT
2297,6,ACCEPTABLE
2298,4,EXCESSIVE
2299,4,SHORT
2300,1,SHORT
2301,3,SHORT
2302,2,EXCESSIVE
2303,2,SHORT
2304,3,ACCEPTABLE
2305,5,SHORT
2306,8,EXCESSIVE
2307,5,EXCESSIVE
2308,9,ACCEPTABLE
2309,9,SHORT
2310,7,SHORT
2311,3,EXCESSIVE
2312,7,ACCEPTABLE
2313,3,EXCESSIVE
2314,3,ACCEPTABLE
2315,7,EXCESSIVE
2316,6,ACCEPTABLE
2317,3,EXCESSIVE
2318,3,EXCESSIVE
2319,4,SHORT
2320,7,EXCESSIVE
2321,6,EXCESSIVE
2322,7,ACCEPTABLE
2323,2,ACCEPTABLE
2324,9,SHORT
2325,8,SHORT
2326,8,SHORT
2327,1,ACCEPTABLE
2328,8,ACCEPTABLE
2329,2,EXCESSIVE
2330,8,ACCEPTABLE
2331,7,SHORT
2332,5,EXCESSIVE
2333,3,ACCEPTABLE
2334,3,EXCESSIVE
2335,2,ACCEPTABLE
2336,4,ACCEPTABLE
2337,2,ACCEPTABLE
2338,7,SHORT
2339,6,SHORT
2340,6,SHORT
2341,1,ACCEPTABLE
2342,8,SHORT
2343,1,ACCEPTABLE
2344,6,ACCEPTABLE
2345,8,EXCESSIVE
2346,4,EXCESSIVE
2347,3,ACCEPTABLE
2348,1,SHORT
2349,2,EXCESSIVE
2350,8,ACCEPTABLE
2351,8,ACCEPTABLE
2352,5,EXCESSIVE
2353,6,ACCEPTABLE
2354,6,ACCEPTABLE
2355,9,ACCEPTABLE
2356,6,SHORT
2357,5,SHORT
2358,1,EXCESSIVE
2359,6,SHORT
2360,7,EXCESSIVE
2361,8,SHORT
2362,1,ACCEPTABLE
2363,3,ACCEPTABLE
2364,8,EXCESSIVE
2365,4,SHORT
2366,4,SHORT
2367,7,EXCESSIVE
2368,7,SHORT
2369,9,ACCEPTABLE
2370,9,SHORT
2371,3,ACCEPTABLE
2372,2,SHORT
2373,8,ACCEPTABLE
2374,7,SHORT
2375,2,SHORT
2376,9,SHORT
2377,5,SHORT
2378,6,EXCESSIVE
2379,7,EXCESSIVE
2380,3,ACCEPTABLE
2381,2,SHORT
2382,4,ACCEPTABLE
2383,5,ACCEPTABLE
2384,3,ACCEPTABLE
2385,1,SHORT
2386,8,SHORT
2387,6,SHORT
2388,5,EXCESSIVE
2389,8,SHORT
2390,1,EXCESSIVE
2391,7,SHORT
2392,6,ACCEPTABLE
2393,5,SHORT
2394,2,SHORT
2395,2,EXCESSIVE
2396,6,SHORT
2397,7,ACCEPTABLE
2398,9,ACCEPTABLE
2399,1,SHORT
2400,7,SHORT
2401,6,SHORT
2402,4,ACCEPTABLE
2403,5,ACCEPTABLE
2404,9,SHORT
2405,6,SHORT
2406,3,EXCESSIVE
2407,5,EXCESSIVE
2408,7,SHORT
2409,2,SHORT
2410,4,ACCEPTABLE
2411,9,SHORT
2412,4,ACCEPTABLE
2413,6,SHORT
2414,8,SHORT
2415,3,ACCEPTABLE
2416,7,ACCEPTABLE
2417,2,EXCESSIVE
2418,2,SHORT
2419,4,EXCESSIVE
2420,2,EXCESSIVE
2421,9,EXCESSIVE
2422,2,ACCEPTABLE
2423,2,EXCESSIVE
2424,4,EXCESSIVE
2425,1,ACCEPTABLE
2426,6,SHORT
2427,7,EXCESSIVE
2428,4,ACCEPTABLE
2429,2,ACCEPTABLE
2430,7,SHORT
2431,5,SHORT
2432,8,SHORT
2433,1,SHORT
2434,1,ACCEPTABLE
2435,1,ACCEPTABLE
2436,3,SHORT
2437,5,EXCESSIVE
2438,9,EXCESSIVE
2439,7,ACCEPTABLE
2440,6,EXCESSIVE
2441,3,EXCESSIVE
2442,2,EXCESSIVE
2443,1,SHORT
2444,2,ACCEPTABLE
2445,9,EXCESSIVE
2446,9,ACCEPTABLE
2447,1,EXCESSIVE
2448,7,EXCESSIVE
2449,6,EXCESSIVE
2450,7,ACCEPTABLE
2451,3,ACCEPTABLE
2452,1,EXCESSIVE
2453,5,EXCESSIVE
2454,1,SHORT
2455,4,SHORT
2456,8,EXCESSIVE
2457,2,SHORT
2458,2,EXCESSIVE
2459,5,ACCEPTABLE
2460,8,ACCEPTABLE
2461,5,EXCESSIVE
2462,2,EXCESSIVE
2463,8,ACCEPTABLE
2464,4,EXCESSIVE
2465,1,ACCEPTABLE
2466,5,SHORT
2467,9,EXCESSIVE
2468,5,EXCESSIVE
2469,6,SHORT
2470,6,SHORT
2471,2,EXCESSIVE
2472,1,ACCEPTABLE
2473,4,SHORT
2474,3,SHORT
2475,8,EXCESSIVE
2476,4,SHORT
2477,2,ACCEPTABLE
2478,7,SHORT
2479,1,ACCEPTABLE
2480,2,SHORT
2481,2,EXCESSIVE
2482,3,EXCESSIVE
2483,5,SHORT
2484,5,EXCESSIVE
2485,1,SHORT
2486,8,ACCEPTABLE
2487,7,ACCEPTABLE
2488,9,ACCEPTABLE
2489,5,EXCESSIVE
2490,9,EXCESSIVE
2491,7,EXCESSIVE
2492,8,EXCESSIVE
2493,4,ACCEPTABLE
2494,8,ACCEPTABLE
2495,3,ACCEPTABLE
2496,7,SHORT
2497,8,ACCEPTABLE
2498,3,EXCESSIVE
2499,6,ACCEPTABLE
2500,8,SHORT
2501,8,SHORT
2502,5,SHORT
2503,3,ACCEPTABLE
2504,6,ACCEPTABLE
2505,4,ACCEPTABLE
2506,5,ACCEPTABLE
2507,2,ACCEPTABLE
2508,3,SHORT
2509,3,EXCESSIVE
2510,6,EXCESSIVE
2511,5,SHORT
2512,5,SHORT
2513,2,ACCEPTABLE
2514,9,EXCESSIVE
2515,4,EXCESSIVE
2516,2,ACCEPTABLE
2517,7,ACCEPTABLE
2518,7,ACCEPTABLE
2519,7,ACCEPTABLE
2520,5,EXCESSIVE
2521,5,EXCESSIVE
2522,6,EXCESSIVE
2523,8,ACCEPTABLE
2524,4,EXCESSIVE
2525,1,ACCEPTABLE
2526,2,EXCESSIVE
2527,8,SHORT
2528,8,EXCESSIVE
2529,3,SHORT
2530,4,SHORT
2531,8,SHORT
2532,6,ACCEPTABLE
2533,2,SHORT
2534,6,ACCEPTABLE
2535,5,EXCESSIVE
2536,6,EXCESSIVE
2537,2,SHORT
2538,8,EXCESSIVE
2539,8,SHORT
2540,2,EXCESSIVE
2541,1,EXCESSIVE
2542,7,EXCESSIVE
2543,4,EXCESSIVE
2544,5,ACCEPTABLE
2545,8,SHORT
2546,6,ACCEPTABLE
2547,6,SHORT
2548,7,SHORT
2549,1,ACCEPTABLE
2550,5,SHORT
2551,7,EXCESSIVE
2552,1,EXCESSIVE
2553,6,EXCESSIVE
2554,8,ACCEPTABLE
2555,6,SHORT
2556,1,ACCEPTABLE
2557,8,ACCEPTABLE
2558,9,EXCESSIVE
2559,4,EXCESSIVE
2560,5,EXCESSIVE
2561,2,SHORT
2562,8,EXCESSIVE
2563,5,EXCESSIVE
2564,9,EXCESSIVE
2565,2,ACCEPTABLE
2566,9,ACCEPTABLE
2567,7,EXCESSIVE
2568,8,SHORT
2569,6,EXCESSIVE
2570,7,ACCEPTABLE
2571,7,EXCESSIVE
2572,6,SHORT
2573,5,EXCESSIVE
2574,4,ACCEPTABLE
2575,7,SHORT
2576,3,EXCESSIVE
2577,3,ACCEPTABLE
2578,5,ACCEPTABLE
2579,4,EXCESSIVE
2580,1,ACCEPTABLE
2581,4,SHORT
2582,6,EXCESSIVE
2583,1,SHORT
2584,4,EXCESSIVE
2585,6,ACCEPTABLE
2586,9,ACCEPTABLE
2587,2,EXCESSIVE
2588,1,SHORT
2589,7,ACCEPTABLE
2590,9,SHORT
2591,4,SHORT
2592,2,ACCEPTABLE
2593,2,SHORT
2594,1,ACCEPTABLE
2595,4,EXCESSIVE
2596,6,SHORT
2597,9,EXCESSIVE
2598,3,SHORT
2599,1,ACCEPTABLE
2600,5,ACCEPTABLE
2601,1,ACCEPTABLE
2602,6,SHORT
2603,1,EXCESSIVE
2604,5,ACCEPTABLE
2605,4,EXCESSIVE
2606,3,ACCEPTABLE
2607,1,EXCESSIVE
2608,4,ACCEPTABLE
2609,9,ACCEPTABLE
2610,4,SHORT
2611,7,ACCEPTABLE
2612,5,SHORT
2613,3,ACCEPTABLE
2614,6,ACCEPTABLE
2615,6,ACCEPTABLE
2616,8,EXCESSIVE
2617,6,EXCESSIVE
2618,2,ACCEPTABLE
2619,5,SHORT
2620,9,ACCEPTABLE
2621,3,SHORT
2622,8,ACCEPTABLE
2623,1,SHORT
2624,3,SHORT
2625,2,EXCESSIVE
2626,6,SHORT
2627,8,ACCEPTABLE
2628,9,ACCEPTABLE
2629,9,ACCEPTABLE
2630,6,EXCESSIVE
2631,9,SHORT
2632,2,EXCESSIVE
2633,4,ACCEPTABLE
2634,6,SHORT
2635,1,SHORT
2636,5,ACCEPTABLE
2637,1,EXCESSIVE
2638,2,EXCESSIVE
2639,5,ACCEPTABLE
2640,1,EXCESSIVE
2641,4,ACCEPTABLE
2642,5,EXCESSIVE
2643,3,ACCEPTABLE
2644,4,EXCESSIVE
2645,3,SHORT
2646,7,ACCEPTABLE
2647,1,SHORT
2648,9,EXCESSIVE
2649,4,SHORT
2650,2,SHORT
2651,2,EXCESSIVE
2652,4,ACCEPTABLE
2653,6,SHORT
2654,7,EXCESSIVE
2655,6,SHORT
2656,6,EXCESSIVE
2657,2,SHORT
2658,7,ACCEPTABLE
2659,4,SHORT
2660,7,EXCESSIVE
2661,5,EXCESSIVE
2662,6,SHORT
2663,5,SHORT
2664,3,ACCEPTABLE
2665,8,EXCESSIVE
2666,5,SHORT
2667,5,SHORT
2668,9,SHORT
2669,8,ACCEPTABLE
2670,8,SHORT
2671,3,ACCEPTABLE
2672,8,EXCESSIVE
2673,9,SHORT
2674,2,EXCESSIVE
2675,2,ACCEPTABLE
2676,9,SHORT
2677,5,EXCESSIVE
2678,6,SHORT
2679,5,SHORT
2680,1,ACCEPTABLE
2681,1,ACCEPTABLE
2682,8,EXCESSIVE
2683,8,ACCEPTABLE
2684,4,EXCESSIVE
2685,8,EXCESSIVE
2686,4,SHORT
2687,9,SHORT
2688,7,ACCEPTABLE
2689,3,EXCESSIVE
2690,4,ACCEPTABLE
2691,8,SHORT
2692,9,ACCEPTABLE
2693,8,EXCESSIVE
2694,9,SHORT
2695,3,ACCEPTABLE
2696,9,EXCESSIVE
2697,6,SHORT
2698,4,EXCESSIVE
2699,9,ACCEPTABLE
2700,7,ACCEPTABLE
2701,2,SHORT
2702,6,EXCESSIVE
2703,3,EXCESSIVE
2704,7,ACCEPTABLE
2705,5,SHORT
2706,5,SHORT
2707,9,ACCEPTABLE
2708,4,SHORT
2709,4,ACCEPTABLE
2710,7,ACCEPTABLE
2711,6,SHORT
2712,2,SHORT
2713,8,SHORT
2714,4,SHORT
2715,3,EXCESSIVE
2716,3,EXCESSIVE
2717,5,EXCESSIVE
2718,6,SHORT
2719,8,ACCEPTABLE
2720,6,ACCEPTABLE
2721,9,SHORT
2722,9,EXCESSIVE
2723,8,EXCESSIVE
2724,1,SHORT
2725,5,SHORT
2726,3,ACCEPTABLE
2727,3,SHORT
2728,2,EXCESSIVE
2729,8,ACCEPTABLE
2730,1,ACCEPTABLE
2731,2,EXCESSIVE
2732,1,EXCESSIVE
2733,5,ACCEPTABLE
2734,6,SHORT
2735,5,EXCESSIVE
2736,1,SHORT
2737,2,ACCEPTABLE
2738,2,ACCEPTABLE
2739,9,ACCEPTABLE
2740,6,EXCESSIVE
2741,2,EXCESSIVE
2742,2,EXCESSIVE
2743,5,ACCEPTABLE
2744,8,EXCESSIVE
2745,5,ACCEPTABLE
2746,6,ACCEPTABLE
2747,2,ACCEPTABLE
2748,2,EXCESSIVE
2749,8,SHORT
2750,7,EXCESSIVE
2751,3,EXCESSIVE
2752,9,SHORT
2753,6,ACCEPTABLE
2754,3,ACCEPTABLE
2755,9,EXCESSIVE
2756,1,SHORT
2757,3,SHORT
2758,5,SHORT
2759,3,ACCEPTABLE
2760,5,EXCESSIVE
2761,7,SHORT
2762,5,ACCEPTABLE
2763,9,EXCESSIVE
2764,7,ACCEPTABLE
2765,4,ACCEPTABLE
2766,3,SHORT
2767,7,ACCEPTABLE
2768,7,SHORT
2769,5,ACCEPTABLE
2770,5,SHORT
2771,2,ACCEPTABLE
2772,1,EXCESSIVE
2773,5,EXCESSIVE
2774,1,SHORT
2775,4,ACCEPTABLE
2776,9,SHORT
2777,8,SHORT
2778,6,ACCEPTABLE
2779,8,ACCEPTABLE
2780,3,SHORT
2781,7,EXCESSIVE
2782,2,ACCEPTABLE
2783,9,EXCESSIVE
2784,9,ACCEPTABLE
2785,8,ACCEPTABLE
2786,7,EXCESSIVE
2787,3,SHORT
2788,4,ACCEPTABLE
2789,2,ACCEPTABLE
2790,2,SHORT
2791,1,EXCESSIVE
2792,8,ACCEPTABLE
2793,7,ACCEPTABLE
2794,4,EXCESSIVE
2795,9,EXCESSIVE
2796,1,SHORT
2797,9,EXCESSIVE
2798,8,SHORT
2799,6,EXCESSIVE
2800,9,SHORT
2801,5,SHORT
2802,9,SHORT
2803,8,ACCEPTABLE
2804,4,SHORT
2805,5,EXCESSIVE
2806,6,SHORT
2807,1,SHORT
2808,7,ACCEPTABLE
2809,3,EXCESSIVE
2810,5,SHORT
2811,8,SHORT
2812,4,ACCEPTABLE
2813,1,SHORT
2814,1,SHORT
2815,1,SHORT
2816,8,EXCESSIVE
2817,7,SHORT
2818,3,ACCEPTABLE
2819,3,SHORT
2820,1,ACCEPTABLE
2821,7,EXCESSIVE
2822,3,ACCEPTABLE
2823,1,EXCESSIVE
2824,8,EXCESSIVE
2825,7,ACCEPTABLE
2826,6,EXCESSIVE
2827,1,ACCEPTABLE
2828,7,SHORT
2829,6,ACCEPTABLE
2830,4,EXCESSIVE
2831,5,SHORT
2832,9,SHORT
2833,1,ACCEPTABLE
2834,5,SHORT
2835,2,ACCEPTABLE
2836,7,ACCEPTABLE
2837,3,EXCESSIVE
2838,8,ACCEPTABLE
2839,4,EXCESSIVE
2840,3,EXCESSIVE
2841,3,ACCEPTABLE
2842,4,SHORT
2843,3,SHORT
2844,5,ACCEPTABLE
2845,7,EXCESSIVE
2846,2,ACCEPTABLE
2847,6,ACCEPTABLE
2848,8,ACCEPTABLE
2849,3,SHORT
2850,4,EXCESSIVE
2851,1,EXCESSIVE
2852,9,SHORT
2853,3,ACCEPTABLE
2854,6,EXCESSIVE
2855,8,EXCESSIVE
2856,6,SHORT
2857,2,ACCEPTABLE
2858,9,EXCESSIVE
2859,7,ACCEPTABLE
2860,4,EXCESSIVE
2861,3,ACCEPTABLE
2862,1,ACCEPTABLE
2863,3,ACCEPTABLE
2864,9,ACCEPTABLE
2865,2,EXCESSIVE
2866,2,EXCESSIVE
2867,8,SHORT
2868,7,ACCEPTABLE
2869,6,EXCESSIVE
2870,3,EXCESSIVE
2871,6,SHORT
2872,9,ACCEPTABLE
2873,9,SHORT
2874,6,SHORT
2875,5,SHORT
2876,6,ACCEPTABLE
2877,2,ACCEPTABLE
2878,7,ACCEPTABLE
2879,6,EXCESSIVE
2880,6,SHORT
2881,1,SHORT
2882,1,ACCEPTABLE
2883,5,ACCEPTABLE
2884,1,SHORT
2885,6,EXCESSIVE
2886,9,ACCEPTABLE
2887,2,ACCEPTABLE
2888,1,ACCEPTABLE
2889,5,SHORT
2890,4,SHORT
2891,4,SHORT
2892,4,ACCEPTABLE
2893,4,SHORT
2894,5,SHORT
2895,4,EXCESSIVE
2896,7,ACCEPTABLE
2897,5,SHORT
2898,2,ACCEPTABLE
2899,1,SHORT
2900,6,ACCEPTABLE
2901,4,ACCEPTABLE
2902,2,SHORT
2903,2,SHORT
2904,2,ACCEPTABLE
2905,9,SHORT
2906,6,ACCEPTABLE
2907,7,EXCESSIVE
2908,3,EXCESSIVE
2909,2,ACCEPTABLE
2910,8,ACCEPTABLE
2911,2,ACCEPTABLE
2912,9,EXCESSIVE
2913,3,SHORT
2914,2,ACCEPTABLE
2915,3,ACCEPTABLE
2916,5,ACCEPTABLE
2917,4,EXCESSIVE
2918,2,ACCEPTABLE
2919,7,ACCEPTABLE
2920,2,EXCESSIVE
2921,3,ACCEPTABLE
2922,4,EXCESSIVE
2923,5,SHORT
2924,7,ACCEPTABLE
2925,7,SHORT
2926,9,ACCEPTABLE
2927,8,SHORT
2928,9,ACCEPTABLE
2929,9,ACCEPTABLE
2930,9,EXCESSIVE
2931,3,EXCESSIVE
2932,4,SHORT
2933,1,EXCESSIVE
2934,5,ACCEPTABLE
2935,1,SHORT
2936,1,ACCEPTABLE
2937,7,ACCEPTABLE
2938,1,SHORT
2939,7,SHORT
2940,1,ACCEPTABLE
2941,2,ACCEPTABLE
2942,8,ACCEPTABLE
2943,9,SHORT
2944,8,SHORT
2945,5,SHORT
2946,5,ACCEPTABLE
2947,5,EXCESSIVE
2948,4,SHORT
2949,7,SHORT
2950,2,EXCESSIVE
2951,3,SHORT
2952,6,SHORT
2953,9,ACCEPTABLE
2954,9,EXCESSIVE
2955,7,EXCESSIVE
2956,5,SHORT
2957,9,SHORT
2958,9,ACCEPTABLE
2959,2,SHORT
2960,4,EXCESSIVE
2961,7,SHORT
2962,6,ACCEPTABLE
2963,9,EXCESSIVE
2964,9,ACCEPTABLE
2965,9,ACCEPTABLE
2966,5,ACCEPTABLE
2967,9,SHORT
2968,3,ACCEPTABLE
2969,4,ACCEPTABLE
2970,5,SHORT
2971,7,ACCEPTABLE
2972,7,SHORT
2973,3,SHORT
2974,3,EXCESSIVE
2975,1,EXCESSIVE
2976,3,SHORT
2977,8,SHORT
2978,3,EXCESSIVE
2979,5,EXCESSIVE
2980,7,SHORT
2981,8,SHORT
2982,2,ACCEPTABLE
2983,9,SHORT
2984,7,SHORT
2985,7,EXCESSIVE
2986,1,ACCEPTABLE
2987,7,EXCESSIVE
2988,5,SHORT
2989,4,ACCEPTABLE
2990,8,EXCESSIVE
2991,5,SHORT
2992,5,ACCEPTABLE
2993,7,EXCESSIVE
2994,9,SHORT
2995,3,ACCEPTABLE
2996,8,SHORT
2997,3,EXCESSIVE
2998,8,EXCESSIVE
2999,8,ACCEPTABLE
3000,7,EXCESSIVE
3001,5,ACCEPTABLE
3002,4,SHORT
3003,8,SHORT
3004,7,ACCEPTABLE
3005,2,SHORT
3006,8,SHORT
3007,4,SHORT
3008,1,EXCESSIVE
3009,1,ACCEPTABLE
3010,4,SHORT
3011,5,SHORT
3012,6,SHORT
3013,8,EXCESSIVE
3014,3,EXCESSIVE
3015,8,SHORT
3016,3,ACCEPTABLE
3017,3,ACCEPTABLE
3018,5,ACCEPTABLE
3019,7,SHORT
3020,2,ACCEPTABLE
3021,2,ACCEPTABLE
3022,1,ACCEPTABLE
3023,1,EXCESSIVE
3024,1,EXCESSIVE
3025,6,ACCEPTABLE
3026,6,ACCEPTABLE
3027,5,EXCESSIVE
3028,7,SHORT
3029,1,EXCESSIVE
3030,2,ACCEPTABLE
3031,5,SHORT
3032,9,EXCESSIVE
3033,8,SHORT
3034,8,EXCESSIVE
3035,2,EXCESSIVE
3036,1,EXCESSIVE
3037,8,SHORT
3038,7,SHORT
3039,9,SHORT
3040,6,ACCEPTABLE
3041,7,EXCESSIVE
3042,8,SHORT
3043,7,SHORT
3044,5,SHORT
3045,7,ACCEPTABLE
3046,7,SHORT
3047,7,EXCESSIVE
3048,2,SHORT
3049,4,EXCESSIVE
3050,2,EXCESSIVE
3051,7,EXCESSIVE
3052,8,SHORT
3053,9,SHORT
3054,3,ACCEPTABLE
3055,1,SHORT
3056,2,ACCEPTABLE
3057,7,EXCESSIVE
3058,1,SHORT
3059,4,ACCEPTABLE
3060,1,EXCESSIVE
3061,8,ACCEPTABLE
3062,8,EXCESSIVE
3063,5,ACCEPTABLE
3064,4,EXCESSIVE
3065,1,EXCESSIVE
3066,2,ACCEPTABLE
3067,3,SHORT
3068,5,ACCEPTABLE
3069,1,EXCESSIVE
3070,5,EXCESSIVE
3071,3,EXCESSIVE
3072,6,ACCEPTABLE
3073,7,ACCEPTABLE
3074,1,ACCEPTABLE
3075,2,ACCEPTABLE
3076,4,EXCESSIVE
3077,5,ACCEPTABLE
3078,6,ACCEPTABLE
3079,8,EXCESSIVE
3080,7,EXCESSIVE
3081,4,SHORT
3082,2,ACCEPTABLE
3083,6,ACCEPTABLE
3084,5,ACCEPTABLE
3085,6,ACCEPTABLE
3086,6,ACCEPTABLE
3087,6,ACCEPTABLE
3088,6,SHORT
3089,9,EXCESSIVE
3090,3,ACCEPTABLE
3091,7,ACCEPTABLE
3092,8,ACCEPTABLE
3093,6,ACCEPTABLE
3094,7,ACCEPTABLE
3095,1,ACCEPTABLE
3096,9,SHORT
3097,4,ACCEPTABLE
3098,3,EXCESSIVE
3099,1,ACCEPTABLE
3100,8,ACCEPTABLE
3101,5,ACCEPTABLE
3102,6,ACCEPTABLE
3103,9,ACCEPTABLE
3104,1,SHORT
3105,3,EXCESSIVE
3106,9,EXCESSIVE
3107,6,ACCEPTABLE
3108,3,ACCEPTABLE
3109,4,EXCESSIVE
3110,6,ACCEPTABLE
3111,8,ACCEPTABLE
3112,2,EXCESSIVE
3113,9,ACCEPTABLE
3114,5,SHORT
3115,4,SHORT
3116,6,SHORT
3117,5,SHORT
3118,2,SHORT
3119,5,ACCEPTABLE
3120,9,SHORT
3121,2,SHORT
3122,8,ACCEPTABLE
3123,7,SHORT
3124,4,ACCEPTABLE
3125,2,SHORT
3126,5,ACCEPTABLE
3127,2,ACCEPTABLE
3128,4,SHORT
3129,8,SHORT
3130,2,ACCEPTABLE
3131,2,EXCESSIVE
3132,7,ACCEPTABLE
3133,5,ACCEPTABLE
3134,4,ACCEPTABLE
3135,9,SHORT
3136,9,SHORT
3137,8,ACCEPTABLE
3138,1,EXCESSIVE
3139,8,SHORT
3140,6,SHORT
3141,3,EXCESSIVE
3142,2,SHORT
3143,7,SHORT
3144,7,SHORT
3145,5,EXCESSIVE
3146,3,ACCEPTABLE
3147,6,EXCESSIVE
3148,6,EXCESSIVE
3149,4,EXCESSIVE
3150,2,ACCEPTABLE
3151,2,SHORT
3152,1,ACCEPTABLE
3153,4,SHORT
3154,8,SHORT
3155,6,EXCESSIVE
3156,9,ACCEPTABLE
3157,2,SHORT
3158,8,ACCEPTABLE
3159,8,EXCESSIVE
3160,6,EXCESSIVE
3161,9,EXCESSIVE
3162,1,EXCESSIVE
3163,8,SHORT
3164,9,SHORT
3165,3,ACCEPTABLE
3166,9,EXCESSIVE
3167,1,EXCESSIVE
3168,9,SHORT
3169,5,SHORT
3170,5,ACCEPTABLE
3171,4,EXCESSIVE
3172,4,SHORT
3173,9,SHORT
3174,9,EXCESSIVE
3175,5,ACCEPTABLE
3176,5,SHORT
3177,8,ACCEPTABLE
3178,6,EXCESSIVE
3179,7,ACCEPTABLE
3180,7,EXCESSIVE
3181,3,SHORT
3182,5,SHORT
3183,9,ACCEPTABLE
3184,5,EXCESSIVE
3185,4,EXCESSIVE
3186,2,ACCEPTABLE
3187,4,EXCESSIVE
3188,3,ACCEPTABLE
3189,6,EXCESSIVE
3190,3,ACCEPTABLE
3191,2,EXCESSIVE
3192,6,SHORT
3193,9,SHORT
3194,3,ACCEPTABLE
3195,5,ACCEPTABLE
3196,2,ACCEPTABLE
3197,8,SHORT
3198,5,ACCEPTABLE
3199,3,SHORT
3200,7,SHORT
3201,6,ACCEPTABLE
3202,6,ACCEPTABLE
3203,8,ACCEPTABLE
3204,8,EXCESSIVE
3205,7,SHORT
3206,6,ACCEPTABLE
3207,7,SHORT
3208,7,ACCEPTABLE
3209,2,SHORT
3210,5,ACCEPTABLE
3211,3,ACCEPTABLE
3212,8,EXCESSIVE
3213,9,ACCEPTABLE
3214,8,ACCEPTABLE
3215,7,EXCESSIVE
3216,3,EXCESSIVE
3217,9,ACCEPTABLE
3218,3,SHORT
3219,2,SHORT
3220,3,SHORT
3221,2,SHORT
3222,8,ACCEPTABLE
3223,2,ACCEPTABLE
3224,2,EXCESSIVE
3225,8,EXCESSIVE
3226,2,ACCEPTABLE
3227,8,ACCEPTABLE
3228,6,EXCESSIVE
3229,7,ACCEPTABLE
3230,7,ACCEPTABLE
3231,1,EXCESSIVE
3232,2,SHORT
3233,3,ACCEPTABLE
3234,5,ACCEPTABLE
3235,1,ACCEPTABLE
3236,3,SHORT
3237,8,ACCEPTABLE
3238,1,ACCEPTABLE
3239,4,EXCESSIVE
3240,8,EXCESSIVE
3241,5,ACCEPTABLE
3242,6,EXCESSIVE
3243,2,EXCESSIVE
3244,3,SHORT
3245,2,SHORT
3246,3,SHORT
3247,5,ACCEPTABLE
3248,3,ACCEPTABLE
3249,9,EXCESSIVE
3250,8,ACCEPTABLE
3251,8,EXCESSIVE
3252,4,EXCESSIVE
3253,8,SHORT
3254,6,SHORT
3255,3,EXCESSIVE
3256,8,EXCESSIVE
3257,2,SHORT
3258,7,SHORT
3259,6,SHORT
3260,6,ACCEPTABLE
3261,5,SHORT
3262,6,SHORT
3263,7,EXCESSIVE
3264,2,EXCESSIVE
3265,5,ACCEPTABLE
3266,2,ACCEPTABLE
3267,5,EXCESSIVE
3268,9,SHORT
3269,7,SHORT
3270,3,EXCESSIVE
3271,7,SHORT
3272,3,SHORT
3273,4,ACCEPTABLE
3274,5,EXCESSIVE
3275,9,EXCESSIVE
3276,7,ACCEPTABLE
3277,7,SHORT
3278,1,EXCESSIVE
3279,1,SHORT
3280,9,SHORT
3281,7,SHORT
3282,8,EXCESSIVE
3283,5,SHORT
3284,9,ACCEPTABLE
3285,5,SHORT
3286,7,ACCEPTABLE
3287,8,EXCESSIVE
3288,8,EXCESSIVE
3289,8,ACCEPTABLE
3290,3,EXCESSIVE
3291,9,SHORT
3292,4,EXCESSIVE
3293,8,EXCESSIVE
3294,8,SHORT
3295,1,ACCEPTABLE
3296,3,ACCEPTABLE
3297,9,SHORT
3298,3,EXCESSIVE
3299,8,ACCEPTABLE
3300,3,EXCESSIVE
3301,3,SHORT
3302,2,ACCEPTABLE
3303,3,ACCEPTABLE
3304,2,SHORT
3305,7,EXCESSIVE
3306,1,ACCEPTABLE
3307,7,EXCESSIVE
3308,8,SHORT
3309,9,EXCESSIVE
3310,8,ACCEPTABLE
3311,2,ACCEPTABLE
3312,6,ACCEPTABLE
3313,8,EXCESSIVE
3314,7,ACCEPTABLE
3315,3,EXCESSIVE
3316,6,EXCESSIVE
3317,5,SHORT
3318,5,ACCEPTABLE
3319,4,SHORT
3320,7,SHORT
3321,1,EXCESSIVE
3322,2,SHORT
3323,9,SHORT
3324,2,ACCEPTABLE
3325,2,EXCESSIVE
3326,2,SHORT
3327,3,SHORT
3328,7,ACCEPTABLE
3329,9,SHORT
3330,1,ACCEPTABLE
3331,8,SHORT
3332,7,ACCEPTABLE
3333,9,ACCEPTABLE
3334,6,EXCESSIVE
3335,5,ACCEPTABLE
3336,1,ACCEPTABLE
3337,8,ACCEPTABLE
3338,8,SHORT
3339,1,ACCEPTABLE
3340,3,EXCESSIVE
3341,4,EXCESSIVE
3342,2,SHORT
3343,1,EXCESSIVE
3344,1,EXCESSIVE
3345,4,SHORT
3346,7,EXCESSIVE
3347,4,EXCESSIVE
3348,1,SHORT
3349,7,EXCESSIVE
3350,8,ACCEPTABLE
3351,2,SHORT
3352,8,EXCESSIVE
3353,8,SHORT
3354,5,ACCEPTABLE
3355,9,SHORT
3356,7,SHORT
3357,4,ACCEPTABLE
3358,3,SHORT
3359,2,ACCEPTABLE
3360,3,EXCESSIVE
3361,9,ACCEPTABLE
3362,1,EXCESSIVE
3363,1,EXCESSIVE
3364,4,SHORT
3365,4,SHORT
3366,8,EXCESSIVE
3367,4,EXCESSIVE
3368,8,ACCEPTABLE
3369,3,SHORT
3370,4,ACCEPTABLE
3371,8,SHORT
3372,2,SHORT
3373,9,ACCEPTABLE
3374,8,ACCEPTABLE
3375,8,ACCEPTABLE
3376,8,EXCESSIVE
3377,5,EXCESSIVE
3378,9,EXCESSIVE
3379,1,SHORT
3380,3,ACCEPTABLE
3381,5,SHORT
3382,2,ACCEPTABLE
3383,1,SHORT
3384,7,EXCESSIVE
3385,9,SHORT
3386,5,SHORT
3387,1,EXCESSIVE
3388,3,EXCESSIVE
3389,6,SHORT
3390,8,SHORT
3391,2,SHORT
3392,8,SHORT
3393,9,SHORT
3394,3,EXCESSIVE
3395,2,SHORT
3396,7,EXCESSIVE
3397,3,EXCESSIVE
3398,4,ACCEPTABLE
3399,4,ACCEPTABLE
3400,8,ACCEPTABLE
3401,9,ACCEPTABLE
3402,7,EXCESSIVE
3403,8,ACCEPTABLE
3404,9,ACCEPTABLE
3405,4,ACCEPTABLE
3406,2,EXCESSIVE
3407,4,SHORT
3408,9,SHORT
3409,9,SHORT
3410,8,ACCEPTABLE
3411,3,EXCESSIVE
3412,2,SHORT
3413,6,ACCEPTABLE
3414,6,EXCESSIVE
3415,1,ACCEPTABLE
3416,3,ACCEPTABLE
3417,6,ACCEPTABLE
3418,1,ACCEPTABLE
3419,5,SHORT
3420,1,EXCESSIVE
3421,7,ACCEPTABLE
3422,4,SHORT
3423,7,SHORT
3424,4,EXCESSIVE
3425,4,SHORT
3426,2,ACCEPTABLE
3427,9,SHORT
3428,3,SHORT
3429,9,EXCESSIVE
3430,4,EXCESSIVE
3431,1,EXCESSIVE
3432,2,ACCEPTABLE
3433,3,SHORT
3434,8,ACCEPTABLE
3435,1,SHORT
3436,6,EXCESSIVE
3437,7,ACCEPTABLE
3438,9,EXCESSIVE
3439,3,SHORT
3440,2,ACCEPTABLE
3441,7,ACCEPTABLE
3442,3,SHORT
3443,3,ACCEPTABLE
3444,8,ACCEPTABLE
3445,5,ACCEPTABLE
3446,8,ACCEPTABLE
3447,2,EXCESSIVE
3448,8,ACCEPTABLE
3449,7,SHORT
3450,8,ACCEPTABLE
3451,2,ACCEPTABLE
3452,8,EXCESSIVE
3453,4,SHORT
3454,6,ACCEPTABLE
3455,2,EXCESSIVE
3456,8,EXCESSIVE
3457,2,ACCEPTABLE
3458,8,EXCESSIVE
3459,6,EXCESSIVE
3460,6,SHORT
3461,6,EXCESSIVE
3462,7,EXCESSIVE
3463,8,EXCESSIVE
3464,5,SHORT
3465,9,ACCEPTABLE
3466,7,ACCEPTABLE
3467,9,ACCEPTABLE
3468,5,SHORT
3469,8,EXCESSIVE
3470,6,ACCEPTABLE
3471,9,ACCEPTABLE
3472,3,EXCESSIVE
3473,2,SHORT
3474,9,SHORT
3475,2,EXCESSIVE
3476,5,ACCEPTABLE
3477,6,ACCEPTABLE
3478,9,ACCEPTABLE
3479,9,EXCESSIVE
3480,8,SHORT
3481,6,EXCESSIVE
3482,8,SHORT
3483,9,SHORT
3484,2,EXCESSIVE
3485,9,SHORT
3486,1,SHORT
3487,5,EXCESSIVE
3488,2,ACCEPTABLE
3489,3,EXCESSIVE
3490,6,EXCESSIVE
3491,1,SHORT
3492,8,ACCEPTABLE
3493,4,ACCEPTABLE
3494,9,ACCEPTABLE
3495,3,SHORT
3496,4,SHORT
3497,1,EXCESSIVE
3498,2,ACCEPTABLE
3499,2,EXCESSIVE
3500,6,ACCEPTABLE
3501,8,EXCESSIVE
3502,8,ACCEPTABLE
3503,6,EXCESSIVE
3504,6,EXCESSIVE
3505,4,EXCESSIVE
3506,3,ACCEPTABLE
3507,4,EXCESSIVE
3508,6,EXCESSIVE
3509,9,SHORT
3510,8,SHORT
3511,6,SHORT
3512,8,SHORT
3513,7,ACCEPTABLE
3514,9,ACCEPTABLE
3515,9,ACCEPTABLE
3516,1,EXCESSIVE
3517,4,ACCEPTABLE
3518,2,SHORT
3519,8,ACCEPTABLE
3520,5,ACCEPTABLE
3521,5,EXCESSIVE
3522,3,EXCESSIVE
3523,8,SHORT
3524,2,EXCESSIVE
3525,5,ACCEPTABLE
3526,8,EXCESSIVE
3527,1,ACCEPTABLE
3528,6,EXCESSIVE
3529,5,ACCEPTABLE
3530,5,EXCESSIVE
3531,6,EXCESSIVE
3532,9,ACCEPTABLE
3533,4,SHORT
3534,5,ACCEPTABLE
3535,4,SHORT
3536,8,ACCEPTABLE
3537,6,ACCEPTABLE
3538,6,SHORT
3539,7,ACCEPTABLE
3540,6,SHORT
3541,1,ACCEPTABLE
3542,5,EXCESSIVE
3543,5,SHORT
3544,9,ACCEPTABLE
3545,3,ACCEPTABLE
3546,6,ACCEPTABLE
3547,7,ACCEPTABLE
3548,4,ACCEPTABLE
3549,5,ACCEPTABLE
3550,4,SHORT
3551,5,ACCEPTABLE
3552,4,ACCEPTABLE
3553,5,SHORT
3554,7,ACCEPTABLE
3555,6,ACCEPTABLE
3556,3,EXCESSIVE
3557,5,ACCEPTABLE
3558,3,ACCEPTABLE
3559,8,SHORT
3560,8,ACCEPTABLE
3561,3,ACCEPTABLE
3562,3,ACCEPTABLE
3563,4,ACCEPTABLE
3564,2,ACCEPTABLE
3565,1,ACCEPTABLE
3566,4,SHORT
3567,6,ACCEPTABLE
3568,3,EXCESSIVE
3569,4,EXCESSIVE
3570,7,EXCESSIVE
3571,4,SHORT
3572,9,SHORT
3573,3,EXCESSIVE
3574,8,SHORT
3575,3,EXCESSIVE
3576,3,ACCEPTABLE
3577,2,SHORT
3578,8,EXCESSIVE
3579,3,EXCESSIVE
3580,6,ACCEPTABLE
3581,3,EXCESSIVE
3582,7,EXCESSIVE
3583,9,SHORT
3584,6,EXCESSIVE
3585,4,EXCESSIVE
3586,7,SHORT
3587,5,SHORT
3588,7,SHORT
3589,8,ACCEPTABLE
3590,5,EXCESSIVE
3591,6,ACCEPTABLE
3592,4,ACCEPTABLE
3593,9,SHORT
3594,7,ACCEPTABLE
3595,4,SHORT
3596,6,ACCEPTABLE
3597,7,ACCEPTABLE
3598,4,SHORT
3599,4,EXCESSIVE
3600,9,ACCEPTABLE
3601,6,EXCESSIVE
3602,5,ACCEPTABLE
3603,2,ACCEPTABLE
3604,8,ACCEPTABLE
3605,7,EXCESSIVE
3606,3,SHORT
3607,4,ACCEPTABLE
3608,3,EXCESSIVE
3609,6,EXCESSIVE
3610,5,ACCEPTABLE
3611,4,EXCESSIVE
3612,2,ACCEPTABLE
3613,3,SHORT
3614,9,SHORT
3615,3,SHORT
3616,5,ACCEPTABLE
3617,3,EXCESSIVE
3618,9,SHORT
3619,1,SHORT
3620,2,SHORT
3621,6,SHORT
3622,7,EXCESSIVE
3623,1,ACCEPTABLE
3624,9,ACCEPTABLE
3625,1,ACCEPTABLE
3626,2,ACCEPTABLE
3627,9,SHORT
3628,6,SHORT
3629,8,SHORT
3630,3,EXCESSIVE
3631,3,ACCEPTABLE
3632,3,EXCESSIVE
3633,1,ACCEPTABLE
3634,4,EXCESSIVE
3635,3,ACCEPTABLE
3636,3,EXCESSIVE
3637,9,EXCESSIVE
3638,3,SHORT
3639,2,EXCESSIVE
3640,8,ACCEPTABLE
3641,9,SHORT
3642,2,SHORT
3643,2,ACCEPTABLE
3644,8,ACCEPTABLE
3645,7,SHORT
3646,6,ACCEPTABLE
3647,3,EXCESSIVE
3648,4,SHORT
3649,6,EXCESSIVE
3650,2,ACCEPTABLE
3651,1,EXCESSIVE
3652,2,SHORT
3653,4,SHORT
3654,6,SHORT
3655,3,ACCEPTABLE
3656,7,SHORT
3657,4,EXCESSIVE
3658,4,SHORT
3659,6,SHORT
3660,8,EXCESSIVE
3661,3,ACCEPTABLE
3662,4,SHORT
3663,2,SHORT
3664,4,ACCEPTABLE
3665,3,ACCEPTABLE
3666,8,ACCEPTABLE
3667,7,EXCESSIVE
3668,8,EXCESSIVE
3669,6,EXCESSIVE
3670,6,SHORT
3671,3,SHORT
3672,6,SHORT
3673,5,ACCEPTABLE
3674,8,ACCEPTABLE
3675,4,ACCEPTABLE
3676,5,SHORT
3677,1,SHORT
3678,7,EXCESSIVE
3679,1,SHORT
3680,2,EXCESSIVE
3681,2,EXCESSIVE
3682,8,ACCEPTABLE
3683,6,EXCESSIVE
3684,2,SHORT
3685,9,EXCESSIVE
3686,7,SHORT
3687,3,SHORT
3688,1,SHORT
3689,4,SHORT
3690,4,EXCESSIVE
3691,1,ACCEPTABLE
3692,9,SHORT
3693,2,SHORT
3694,7,SHORT
3695,8,SHORT
3696,3,SHORT
3697,9,ACCEPTABLE
3698,3,EXCESSIVE
3699,4,ACCEPTABLE
3700,8,SHORT
3701,5,SHORT
3702,9,EXCESSIVE
3703,7,ACCEPTABLE
3704,8,ACCEPTABLE
3705,2,EXCESSIVE
3706,8,EXCESSIVE
3707,7,ACCEPTABLE
3708,7,SHORT
3709,4,SHORT
3710,4,ACCEPTABLE
3711,7,ACCEPTABLE
3712,2,ACCEPTABLE
3713,5,EXCESSIVE
3714,2,EXCESSIVE
3715,3,SHORT
3716,1,EXCESSIVE
3717,4,EXCESSIVE
3718,3,SHORT
3719,9,SHORT
3720,6,EXCESSIVE
3721,8,SHORT
3722,6,EXCESSIVE
3723,6,EXCESSIVE
3724,9,EXCESSIVE
3725,6,SHORT
3726,5,EXCESSIVE
3727,1,EXCESSIVE
3728,1,EXCESSIVE
3729,2,EXCESSIVE
3730,8,EXCESSIVE
3731,4,ACCEPTABLE
3732,9,EXCESSIVE
3733,1,EXCESSIVE
3734,3,EXCESSIVE
3735,2,ACCEPTABLE
3736,6,EXCESSIVE
3737,2,SHORT
3738,3,EXCESSIVE
3739,6,EXCESSIVE
3740,7,ACCEPTABLE
3741,7,ACCEPTABLE
3742,7,SHORT
3743,8,EXCESSIVE
3744,2,EXCESSIVE
3745,3,ACCEPTABLE
3746,2,EXCESSIVE
3747,1,SHORT
3748,6,ACCEPTABLE
3749,1,ACCEPTABLE
3750,5,EXCESSIVE
3751,5,SHORT
3752,4,ACCEPTABLE
3753,1,EXCESSIVE
3754,7,ACCEPTABLE
3755,6,EXCESSIVE
3756,5,EXCESSIVE
3757,3,SHORT
3758,1,EXCESSIVE
3759,4,SHORT
3760,7,ACCEPTABLE
3761,4,ACCEPTABLE
3762,6,ACCEPTABLE
3763,7,ACCEPTABLE
3764,4,ACCEPTABLE
3765,1,EXCESSIVE
3766,4,ACCEPTABLE
3767,4,SHORT
3768,1,ACCEPTABLE
3769,3,EXCESSIVE
3770,2,EXCESSIVE
3771,5,EXCESSIVE
3772,2,EXCESSIVE
3773,5,SHORT
3774,8,EXCESSIVE
3775,4,ACCEPTABLE
3776,8,EXCESSIVE
3777,3,SHORT
3778,2,EXCESSIVE
3779,9,ACCEPTABLE
3780,3,SHORT
3781,3,EXCESSIVE
3782,3,SHORT
3783,7,EXCESSIVE
3784,2,SHORT
3785,8,SHORT
3786,8,EXCESSIVE
3787,3,ACCEPTABLE
3788,6,EXCESSIVE
3789,7,EXCESSIVE
3790,8,EXCESSIVE
3791,9,EXCESSIVE
3792,3,EXCESSIVE
3793,9,ACCEPTABLE
3794,2,EXCESSIVE
3795,4,SHORT
3796,7,SHORT
3797,9,EXCESSIVE
3798,6,ACCEPTABLE
3799,5,SHORT
3800,2,EXCESSIVE
3801,2,EXCESSIVE
3802,7,EXCESSIVE
3803,2,ACCEPTABLE
3804,6,EXCESSIVE
3805,6,ACCEPTABLE
3806,3,ACCEPTABLE
3807,1,ACCEPTABLE
3808,1,SHORT
3809,6,EXCESSIVE
3810,6,SHORT
3811,8,SHORT
3812,2,SHORT
3813,1,EXCESSIVE
3814,3,ACCEPTABLE
3815,9,SHORT
3816,7,EXCESSIVE
3817,5,ACCEPTABLE
3818,5,EXCESSIVE
3819,8,SHORT
3820,6,ACCEPTABLE
3821,3,SHORT
3822,5,ACCEPTABLE
3823,4,ACCEPTABLE
3824,3,SHORT
3825,8,SHORT
3826,7,EXCESSIVE
3827,8,ACCEPTABLE
3828,4,SHORT
3829,7,ACCEPTABLE
3830,3,ACCEPTABLE
3831,4,ACCEPTABLE
3832,9,ACCEPTABLE
3833,9,ACCEPTABLE
3834,3,SHORT
3835,8,ACCEPTABLE
3836,8,ACCEPTABLE
3837,8,ACCEPTABLE
3838,1,ACCEPTABLE
3839,2,ACCEPTABLE
3840,7,EXCESSIVE
3841,6,EXCESSIVE
3842,5,SHORT
3843,7,ACCEPTABLE
3844,1,ACCEPTABLE
3845,3,EXCESSIVE
3846,3,SHORT
3847,4,SHORT
3848,5,ACCEPTABLE
3849,6,EXCESSIVE
3850,3,ACCEPTABLE
3851,3,SHORT
3852,3,EXCESSIVE
3853,2,EXCESSIVE
3854,9,EXCESSIVE
3855,1,SHORT
3856,6,EXCESSIVE
3857,2,EXCESSIVE
3858,5,SHORT
3859,1,ACCEPTABLE
3860,2,SHORT
3861,4,ACCEPTABLE
3862,7,EXCESSIVE
3863,4,ACCEPTABLE
3864,8,EXCESSIVE
3865,2,SHORT
3866,8,EXCESSIVE
3867,1,SHORT
3868,4,EXCESSIVE
3869,1,ACCEPTABLE
3870,3,ACCEPTABLE
3871,4,EXCESSIVE
3872,7,ACCEPTABLE
3873,5,SHORT
3874,4,ACCEPTABLE
3875,1,EXCESSIVE
3876,5,ACCEPTABLE
3877,5,SHORT
3878,5,ACCEPTABLE
3879,7,EXCESSIVE
3880,1,ACCEPTABLE
3881,2,ACCEPTABLE
3882,2,EXCESSIVE
3883,1,EXCESSIVE
3884,8,EXCESSIVE
3885,8,EXCESSIVE
3886,5,SHORT
3887,6,EXCESSIVE
3888,3,SHORT
3889,2,ACCEPTABLE
3890,6,EXCESSIVE
3891,5,EXCESSIVE
3892,6,ACCEPTABLE
3893,3,ACCEPTABLE
3894,3,EXCESSIVE
3895,3,EXCESSIVE
3896,4,SHORT
3897,3,EXCESSIVE
3898,4,ACCEPTABLE
3899,5,ACCEPTABLE
3900,6,SHORT
3901,6,SHORT
3902,2,EXCESSIVE
3903,9,EXCESSIVE
3904,5,ACCEPTABLE
3905,1,SHORT
3906,7,EXCESSIVE
3907,8,SHORT
3908,7,ACCEPTABLE
3909,5,EXCESSIVE
3910,1,SHORT
3911,2,ACCEPTABLE
3912,1,EXCESSIVE
3913,3,EXCESSIVE
3914,2,EXCESSIVE
3915,6,SHORT
3916,6,ACCEPTABLE
3917,2,SHORT
3918,6,ACCEPTABLE
3919,5,EXCESSIVE
3920,2,SHORT
3921,6,SHORT
3922,9,SHORT
3923,8,SHORT
3924,6,EXCESSIVE
3925,2,ACCEPTABLE
3926,2,ACCEPTABLE
3927,2,SHORT
3928,6,ACCEPTABLE
3929,7,EXCESSIVE
3930,9,SHORT
3931,3,SHORT
3932,7,ACCEPTABLE
3933,6,SHORT
3934,7,SHORT
3935,4,SHORT
3936,6,ACCEPTABLE
3937,9,EXCESSIVE
3938,7,SHORT
3939,6,ACCEPTABLE
3940,6,SHORT
3941,3,SHORT
3942,4,ACCEPTABLE
3943,4,EXCESSIVE
3944,6,SHORT
3945,1,SHORT
3946,2,ACCEPTABLE
3947,5,ACCEPTABLE
3948,5,SHORT
3949,9,ACCEPTABLE
3950,1,EXCESSIVE
3951,2,ACCEPTABLE
3952,2,EXCESSIVE
3953,6,ACCEPTABLE
3954,9,SHORT
3955,3,EXCESSIVE
3956,1,EXCESSIVE
3957,3,ACCEPTABLE
3958,4,SHORT
3959,6,SHORT
3960,5,SHORT
3961,9,EXCESSIVE
3962,2,SHORT
3963,7,EXCESSIVE
3964,1,SHORT
3965,1,EXCESSIVE
3966,3,ACCEPTABLE
3967,1,ACCEPTABLE
3968,3,EXCESSIVE
3969,3,EXCESSIVE
3970,2,ACCEPTABLE
3971,4,SHORT
3972,2,ACCEPTABLE
3973,4,EXCESSIVE
3974,9,SHORT
3975,1,SHORT
3976,2,SHORT
3977,6,ACCEPTABLE
3978,9,ACCEPTABLE
3979,6,ACCEPTABLE
3980,1,SHORT
3981,7,EXCESSIVE
3982,7,SHORT
3983,1,SHORT
3984,6,ACCEPTABLE
3985,3,SHORT
3986,1,EXCESSIVE
3987,5,SHORT
3988,3,SHORT
3989,8,ACCEPTABLE
3990,8,ACCEPTABLE
3991,8,EXCESSIVE
3992,3,EXCESSIVE
3993,4,SHORT
3994,8,ACCEPTABLE
3995,2,ACCEPTABLE
3996,9,EXCESSIVE
3997,7,EXCESSIVE
3998,4,SHORT
3999,9,ACCEPTABLE
