1000,1622,DEPT_UPGRADE,1593,900,1622,7,EXCESSIVE
1001,1116,DEPT_SUPPORT,1950,900,1116,1,EXCESSIVE
1002,1770,DEPT_CANCEL,1365,1000,1770,3,SHORT
1003,1889,DEPT_MAIN,1796,1200,1889,8,SHORT
1004,1393,DEPT_SUPPORT,1004,1000,1393,3,EXCESSIVE
1005,1371,DEPT_SUPPORT,1448,1000,1371,6,SHORT
1006,1617,DEPT_CANCEL,1356,1200,1617,9,SHORT
1007,1671,DEPT_CANCEL,1514,1200,1671,7,ACCEPTABLE
1008,1430,DEPT_MAIN,1843,1200,1430,6,SHORT
1009,1686,DEPT_UPGRADE,1135,1200,1686,1,EXCESSIVE
1010,1985,DEPT_UPGRADE,1251,900,1985,8,EXCESSIVE
1011,1726,DEPT_CANCEL,1992,1200,1726,6,EXCESSIVE
1012,1565,DEPT_SUPPORT,1637,1000,1565,1,ACCEPTABLE
1013,1162,DEPT_UPGRADE,1059,1200,1162,7,EXCESSIVE
1014,1465,DEPT_CANCEL,1515,1200,1465,7,ACCEPTABLE
1015,1734,DEPT_CANCEL,1938,1200,1734,7,ACCEPTABLE
1016,1598,DEPT_SUPPORT,1286,1200,1598,7,EXCESSIVE
1017,1254,DEPT_CANCEL,1861,1200,1254,8,EXCESSIVE
1018,1413,DEPT_CANCEL,1325,900,1413,1,EXCESSIVE
1019,1222,DEPT_CANCEL,1655,900,1222,4,ACCEPTABLE
1020,1316,DEPT_SUPPORT,1121,1000,1316,8,ACCEPTABLE
1021,1530,DEPT_SUPPORT,1519,1200,1530,1,EXCESSIVE
1022,1682,DEPT_MAIN,1298,900,1682,5,SHORT
1023,1700,DEPT_SALES,1965,900,1700,3,EXCESSIVE
1024,1424,DEPT_SALES,1222,900,1424,2,ACCEPTABLE
1025,1929,DEPT_CANCEL,1957,1200,1929,7,EXCESSIVE
1026,1848,DEPT_UPGRADE,1106,1200,1848,6,ACCEPTABLE
1027,1958,DEPT_CANCEL,1684,900,1958,8,SHORT
1028,1499,DEPT_CANCEL,1806,1200,1499,8,EXCESSIVE
1029,1867,DEPT_SALES,1704,900,1867,2,ACCEPTABLE
1030,1589,DEPT_SALES,1298,900,1589,5,EXCESSIVE
1031,1800,DEPT_SUPPORT,1319,1200,1800,5,EXCESSIVE
1032,1343,DEPT_MAIN,1890,1000,1343,7,SHORT
1033,1325,DEPT_CANCEL,1590,1200,1325,1,EXCESSIVE
1034,1999,DEPT_CANCEL,1364,1200,1999,7,ACCEPTABLE
1035,1134,DEPT_SALES,1809,1000,1134,3,EXCESSIVE
1036,1745,DEPT_MAIN,1623,1200,1745,3,ACCEPTABLE
1037,1719,DEPT_SALES,1007,1000,1719,7,ACCEPTABLE
1038,1925,DEPT_UPGRADE,1833,1200,1925,3,SHORT
1039,1929,DEPT_SALES,1556,1200,1929,6,SHORT
1040,1650,DEPT_SUPPORT,1063,1000,1650,7,EXCESSIVE
1041,1161,DEPT_MAIN,1200,1200,1161,3,EXCESSIVE
1042,1526,DEPT_UPGRADE,1727,1000,1526,5,SHORT
1043,1879,DEPT_UPGRADE,1614,1000,1879,3,ACCEPTABLE
1044,1198,DEPT_SUPPORT,1467,1000,1198,2,SHORT
1045,1998,DEPT_MAIN,1979,900,1998,2,SHORT
1046,1745,DEPT_SUPPORT,1496,1000,1745,2,SHORT
1047,1548,DEPT_CANCEL,1504,1000,1548,3,ACCEPTABLE
1048,1646,DEPT_SALES,1221,900,1646,1,EXCESSIVE
1049,1764,DEPT_CANCEL,1751,900,1764,2,EXCESSIVE
1050,1490,DEPT_MAIN,1563,1000,1490,4,EXCESSIVE
1051,1366,DEPT_CANCEL,1666,1200,1366,9,SHORT
1052,1808,DEPT_MAIN,1916,1200,1808,7,SHORT
1053,1547,DEPT_MAIN,1167,900,1547,9,ACCEPTABLE
1054,1222,DEPT_SALES,1251,1200,1222,6,SHORT
1055,1311,DEPT_SUPPORT,1943,1200,1311,4,ACCEPTABLE
1056,1413,DEPT_SUPPORT,1708,1000,1413,5,SHORT
1057,1281,DEPT_SUPPORT,1195,1200,1281,8,SHORT
1058,1348,DEPT_MAIN,1663,1200,1348,8,EXCESSIVE
1059,1176,DEPT_SALES,1258,1200,1176,1,EXCESSIVE
1060,1921,DEPT_CANCEL,1002,1200,1921,4,EXCESSIVE
1061,1745,DEPT_SUPPORT,1130,1000,1745,7,SHORT
1062,1036,DEPT_UPGRADE,1875,900,1036,1,EXCESSIVE
1063,1632,DEPT_CANCEL,1630,1000,1632,1,SHORT
1064,1974,DEPT_UPGRADE,1604,1200,1974,2,SHORT
1065,1147,DEPT_SUPPORT,1731,1000,1147,8,EXCESSIVE
1066,1741,DEPT_SUPPORT,1512,1000,1741,8,EXCESSIVE
1067,1756,DEPT_SALES,1643,900,1756,1,ACCEPTABLE
1068,1614,DEPT_SUPPORT,1998,1000,1614,6,EXCESSIVE
1069,1463,DEPT_MAIN,1202,900,1463,3,ACCEPTABLE
1070,1448,DEPT_UPGRADE,1428,1000,1448,9,ACCEPTABLE
1071,1929,DEPT_SUPPORT,1560,1200,1929,6,ACCEPTABLE
1072,1093,DEPT_CANCEL,1183,900,1093,1,EXCESSIVE
1073,1060,DEPT_UPGRADE,1904,1000,1060,8,ACCEPTABLE
1074,1312,DEPT_SUPPORT,1971,900,1312,8,ACCEPTABLE
1075,1554,DEPT_SUPPORT,1829,1200,1554,8,EXCESSIVE
1076,1071,DEPT_SUPPORT,1243,1200,1071,6,EXCESSIVE
1077,1937,DEPT_SALES,1838,900,1937,6,EXCESSIVE
1078,1932,DEPT_MAIN,1874,1200,1932,7,ACCEPTABLE
1079,1313,DEPT_UPGRADE,1169,900,1313,4,ACCEPTABLE
1080,1426,DEPT_MAIN,1100,1000,1426,5,EXCESSIVE
1081,1651,DEPT_CANCEL,1017,1000,1651,2,ACCEPTABLE
1082,1712,DEPT_UPGRADE,1404,1200,1712,1,ACCEPTABLE
1083,1914,DEPT_SALES,1003,900,1914,7,EXCESSIVE
1084,1021,DEPT_SALES,1485,1000,1021,9,SHORT
1085,1351,DEPT_MAIN,1640,1200,1351,8,SHORT
1086,1567,DEPT_SALES,1144,1200,1567,9,EXCESSIVE
1087,1848,DEPT_SALES,1390,1200,1848,7,SHORT
1088,1296,DEPT_CANCEL,1516,900,1296,1,SHORT
1089,1301,DEPT_SUPPORT,1560,1200,1301,5,ACCEPTABLE
1090,1522,DEPT_CANCEL,1992,1200,1522,2,SHORT
1091,1825,DEPT_SUPPORT,1314,1200,1825,7,EXCESSIVE
1092,1246,DEPT_SALES,1149,1200,1246,7,EXCESSIVE
1093,1799,DEPT_SALES,1775,1000,1799,9,EXCESSIVE
1094,1122,DEPT_UPGRADE,1263,900,1122,5,ACCEPTABLE
1095,1077,DEPT_UPGRADE,1431,900,1077,4,EXCESSIVE
1096,1903,DEPT_SUPPORT,1647,1000,1903,4,EXCESSIVE
1097,1214,DEPT_SALES,1431,1000,1214,2,ACCEPTABLE
1098,1115,DEPT_SALES,1787,1000,1115,4,EXCESSIVE
1099,1533,DEPT_SALES,1313,1000,1533,2,EXCESSIVE
1100,1661,DEPT_SUPPORT,1647,900,1661,2,SHORT
1101,1342,DEPT_SUPPORT,1326,1000,1342,3,ACCEPTABLE
1102,1619,DEPT_MAIN,1152,1000,1619,2,EXCESSIVE
1103,1442,DEPT_MAIN,1250,900,1442,9,SHORT
1104,1174,DEPT_MAIN,1079,1000,1174,5,SHORT
1105,1162,DEPT_SALES,1616,1200,1162,7,SHORT
1106,1620,DEPT_SUPPORT,1002,900,1620,7,EXCESSIVE
1107,1402,DEPT_CANCEL,1834,1200,1402,9,SHORT
1108,1598,DEPT_SALES,1174,1000,1598,4,SHORT
1109,1684,DEPT_SALES,1874,1200,1684,3,ACCEPTABLE
1110,1275,DEPT_MAIN,1222,900,1275,8,EXCESSIVE
1111,1104,DEPT_SALES,1890,1000,1104,2,ACCEPTABLE
1112,1042,DEPT_SALES,1090,900,1042,9,SHORT
1113,1151,DEPT_UPGRADE,1444,900,1151,5,EXCESSIVE
1114,1996,DEPT_MAIN,1576,1200,1996,2,ACCEPTABLE
1115,1818,DEPT_CANCEL,1017,1200,1818,5,EXCESSIVE
1116,1576,DEPT_SUPPORT,1314,900,1576,5,ACCEPTABLE
1117,1287,DEPT_SALES,1062,1000,1287,8,EXCESSIVE
1118,1681,DEPT_MAIN,1707,900,1681,3,ACCEPTABLE
1119,1802,DEPT_SUPPORT,1574,1200,1802,9,SHORT
1120,1410,DEPT_UPGRADE,1508,1200,1410,5,SHORT
1121,1531,DEPT_CANCEL,1098,900,1531,9,ACCEPTABLE
1122,1824,DEPT_SALES,1731,900,1824,3,EXCESSIVE
1123,1781,DEPT_SUPPORT,1133,1000,1781,1,ACCEPTABLE
1124,1783,DEPT_CANCEL,1873,1000,1783,8,SHORT
1125,1664,DEPT_SALES,1009,900,1664,7,ACCEPTABLE
1126,1257,DEPT_MAIN,1630,1000,1257,2,EXCESSIVE
1127,1759,DEPT_SALES,1127,1200,1759,4,ACCEPTABLE
1128,1255,DEPT_CANCEL,1631,900,1255,5,ACCEPTABLE
1129,1611,DEPT_SALES,1228,1200,1611,8,EXCESSIVE
1130,1578,DEPT_MAIN,1680,1000,1578,7,SHORT
1131,1720,DEPT_SUPPORT,1049,1200,1720,8,SHORT
1132,1376,DEPT_CANCEL,1527,1000,1376,4,EXCESSIVE
1133,1091,DEPT_CANCEL,1884,1000,1091,2,ACCEPTABLE
1134,1733,DEPT_SALES,1738,1000,1733,8,ACCEPTABLE
1135,1265,DEPT_SALES,1803,900,1265,4,ACCEPTABLE
1136,1666,DEPT_SALES,1765,1200,1666,9,ACCEPTABLE
1137,1470,DEPT_SALES,1768,1000,1470,8,ACCEPTABLE
1138,1357,DEPT_SALES,1946,900,1357,7,EXCESSIVE
1139,1183,DEPT_SALES,1988,1000,1183,2,ACCEPTABLE
1140,1392,DEPT_MAIN,1633,1000,1392,9,ACCEPTABLE
1141,1889,DEPT_MAIN,1871,900,1889,1,ACCEPTABLE
1142,1427,DEPT_CANCEL,1409,1000,1427,2,ACCEPTABLE
1143,1898,DEPT_MAIN,1559,1200,1898,3,ACCEPTABLE
1144,1810,DEPT_CANCEL,1677,1000,1810,3,SHORT
1145,1932,DEPT_SUPPORT,1253,1200,1932,9,SHORT
1146,1799,DEPT_MAIN,1768,1000,1799,2,EXCESSIVE
1147,1200,DEPT_SUPPORT,1455,900,1200,6,ACCEPTABLE
1148,1798,DEPT_MAIN,1864,1200,1798,5,SHORT
1149,1357,DEPT_MAIN,1861,1200,1357,2,SHORT
1150,1701,DEPT_SUPPORT,1621,1200,1701,7,SHORT
1151,1814,DEPT_MAIN,1451,900,1814,1,ACCEPTABLE
1152,1212,DEPT_SUPPORT,1713,1000,1212,3,EXCESSIVE
1153,1590,DEPT_CANCEL,1366,1000,1590,6,SHORT
1154,1455,DEPT_CANCEL,1932,900,1455,9,ACCEPTABLE
1155,1701,DEPT_UPGRADE,1065,1000,1701,5,ACCEPTABLE
1156,1463,DEPT_MAIN,1526,1000,1463,4,EXCESSIVE
1157,1197,DEPT_SUPPORT,1848,1000,1197,8,EXCESSIVE
1158,1397,DEPT_SALES,1175,900,1397,6,EXCESSIVE
1159,1643,DEPT_SUPPORT,1087,1000,1643,2,SHORT
1160,1261,DEPT_SUPPORT,1616,1000,1261,1,SHORT
1161,1654,DEPT_SALES,1755,1200,1654,5,EXCESSIVE
1162,1927,DEPT_CANCEL,1068,1000,1927,7,EXCESSIVE
1163,1958,DEPT_UPGRADE,1425,1200,1958,4,SHORT
1164,1686,DEPT_UPGRADE,1279,1200,1686,1,EXCESSIVE
1165,1328,DEPT_SUPPORT,1002,1000,1328,2,ACCEPTABLE
1166,1090,DEPT_MAIN,1323,1200,1090,9,EXCESSIVE
1167,1521,DEPT_SUPPORT,1617,1000,1521,5,EXCESSIVE
1168,1828,DEPT_UPGRADE,1443,1000,1828,8,SHORT
1169,1664,DEPT_SUPPORT,1266,1000,1664,8,ACCEPTABLE
1170,1118,DEPT_SUPPORT,1049,1000,1118,2,EXCESSIVE
1171,1390,DEPT_CANCEL,1713,900,1390,1,EXCESSIVE
1172,1036,DEPT_UPGRADE,1511,1200,1036,2,ACCEPTABLE
1173,1044,DEPT_CANCEL,1777,1000,1044,3,EXCESSIVE
1174,1281,DEPT_CANCEL,1300,1200,1281,1,ACCEPTABLE
1175,1734,DEPT_SUPPORT,1997,1200,1734,6,EXCESSIVE
1176,1628,DEPT_CANCEL,1598,900,1628,4,EXCESSIVE
1177,1615,DEPT_CANCEL,1447,1200,1615,1,EXCESSIVE
1178,1305,DEPT_SALES,1917,1200,1305,2,ACCEPTABLE
1179,1648,DEPT_SALES,1294,1000,1648,2,EXCESSIVE
1180,1642,DEPT_UPGRADE,1672,1200,1642,2,ACCEPTABLE
1181,1571,DEPT_SUPPORT,1194,900,1571,1,ACCEPTABLE
1182,1802,DEPT_UPGRADE,1939,1000,1802,1,SHORT
1183,1139,DEPT_CANCEL,1714,1000,1139,2,EXCESSIVE
1184,1684,DEPT_CANCEL,1199,900,1684,4,ACCEPTABLE
1185,1236,DEPT_SALES,1886,1200,1236,8,EXCESSIVE
1186,1304,DEPT_SUPPORT,1225,1000,1304,3,ACCEPTABLE
1187,1129,DEPT_SUPPORT,1952,1200,1129,3,ACCEPTABLE
1188,1460,DEPT_SUPPORT,1273,900,1460,2,SHORT
1189,1490,DEPT_UPGRADE,1463,900,1490,3,SHORT
1190,1868,DEPT_SUPPORT,1602,1000,1868,8,ACCEPTABLE
1191,1867,DEPT_UPGRADE,1643,1000,1867,3,ACCEPTABLE
1192,1282,DEPT_SALES,1058,1000,1282,5,SHORT
1193,1101,DEPT_MAIN,1217,1200,1101,8,EXCESSIVE
1194,1135,DEPT_UPGRADE,1585,900,1135,8,EXCESSIVE
1195,1722,DEPT_MAIN,1992,1200,1722,4,EXCESSIVE
1196,1351,DEPT_UPGRADE,1355,1000,1351,7,SHORT
1197,1757,DEPT_SUPPORT,1184,900,1757,9,SHORT
1198,1411,DEPT_MAIN,1951,1000,1411,9,SHORT
1199,1043,DEPT_MAIN,1634,1000,1043,8,ACCEPTABLE
1200,1382,DEPT_CANCEL,1265,1200,1382,1,ACCEPTABLE
1201,1616,DEPT_MAIN,1024,1000,1616,6,EXCESSIVE
1202,1856,DEPT_SALES,1821,1200,1856,7,SHORT
1203,1750,DEPT_SUPPORT,1309,1000,1750,8,SHORT
1204,1097,DEPT_SALES,1639,1000,1097,4,EXCESSIVE
1205,1475,DEPT_MAIN,1757,1200,1475,4,SHORT
1206,1299,DEPT_MAIN,1697,1000,1299,4,SHORT
1207,1704,DEPT_UPGRADE,1366,900,1704,4,EXCESSIVE
1208,1800,DEPT_SUPPORT,1023,1200,1800,3,ACCEPTABLE
1209,1419,DEPT_SUPPORT,1011,1000,1419,5,EXCESSIVE
1210,1733,DEPT_MAIN,1129,900,1733,9,EXCESSIVE
1211,1203,DEPT_MAIN,1038,1200,1203,2,EXCESSIVE
1212,1119,DEPT_SUPPORT,1647,1200,1119,3,SHORT
1213,1181,DEPT_CANCEL,1546,900,1181,3,SHORT
1214,1286,DEPT_MAIN,1889,900,1286,9,EXCESSIVE
1215,1813,DEPT_UPGRADE,1912,1000,1813,5,EXCESSIVE
1216,1535,DEPT_UPGRADE,1074,900,1535,7,ACCEPTABLE
1217,1964,DEPT_SUPPORT,1209,1000,1964,4,SHORT
1218,1687,DEPT_SUPPORT,1972,900,1687,1,SHORT
1219,1902,DEPT_MAIN,1534,1000,1902,6,EXCESSIVE
1220,1772,DEPT_CANCEL,1003,900,1772,7,ACCEPTABLE
1221,1094,DEPT_SUPPORT,1548,900,1094,1,ACCEPTABLE
1222,1729,DEPT_UPGRADE,1610,1000,1729,5,EXCESSIVE
1223,1052,DEPT_MAIN,1415,1200,1052,5,ACCEPTABLE
1224,1589,DEPT_UPGRADE,1022,1000,1589,2,EXCESSIVE
1225,1379,DEPT_CANCEL,1285,1200,1379,3,ACCEPTABLE
1226,1910,DEPT_SALES,1531,1000,1910,5,SHORT
1227,1747,DEPT_UPGRADE,1983,1200,1747,7,EXCESSIVE
1228,1530,DEPT_CANCEL,1199,900,1530,2,SHORT
1229,1928,DEPT_SUPPORT,1654,1200,1928,7,EXCESSIVE
1230,1072,DEPT_CANCEL,1547,1200,1072,4,EXCESSIVE
1231,1207,DEPT_SUPPORT,1307,1000,1207,1,ACCEPTABLE
1232,1855,DEPT_MAIN,1908,1000,1855,4,EXCESSIVE
1233,1652,DEPT_UPGRADE,1380,1000,1652,4,ACCEPTABLE
1234,1041,DEPT_SUPPORT,1221,1000,1041,8,ACCEPTABLE
1235,1621,DEPT_SALES,1217,1000,1621,1,ACCEPTABLE
1236,1663,DEPT_SALES,1283,1200,1663,6,ACCEPTABLE
1237,1510,DEPT_SUPPORT,1959,900,1510,3,SHORT
1238,1460,DEPT_UPGRADE,1888,1200,1460,1,EXCESSIVE
1239,1107,DEPT_UPGRADE,1503,900,1107,9,EXCESSIVE
1240,1261,DEPT_CANCEL,1285,1200,1261,3,EXCESSIVE
1241,1633,DEPT_CANCEL,1142,900,1633,3,EXCESSIVE
1242,1429,DEPT_SALES,1968,1000,1429,1,SHORT
1243,1726,DEPT_SALES,1770,1000,1726,1,EXCESSIVE
1244,1373,DEPT_MAIN,1272,1200,1373,4,EXCESSIVE
1245,1836,DEPT_MAIN,1283,900,1836,3,EXCESSIVE
1246,1493,DEPT_CANCEL,1679,900,1493,2,ACCEPTABLE
1247,1599,DEPT_UPGRADE,1511,1200,1599,4,EXCESSIVE
1248,1671,DEPT_SUPPORT,1382,1000,1671,4,EXCESSIVE
1249,1103,DEPT_SUPPORT,1129,1200,1103,3,EXCESSIVE
1250,1047,DEPT_SALES,1897,1200,1047,8,EXCESSIVE
1251,1404,DEPT_SUPPORT,1474,1000,1404,9,EXCESSIVE
1252,1454,DEPT_SALES,1769,1200,1454,2,SHORT
1253,1771,DEPT_MAIN,1196,900,1771,6,ACCEPTABLE
1254,1074,DEPT_UPGRADE,1613,1000,1074,6,ACCEPTABLE
1255,1513,DEPT_SUPPORT,1635,1200,1513,7,SHORT
1256,1556,DEPT_UPGRADE,1685,900,1556,4,SHORT
1257,1537,DEPT_CANCEL,1606,1200,1537,8,ACCEPTABLE
1258,1891,DEPT_UPGRADE,1247,1200,1891,6,ACCEPTABLE
1259,1759,DEPT_SUPPORT,1976,1000,1759,3,SHORT
1260,1843,DEPT_UPGRADE,1594,1200,1843,9,EXCESSIVE
1261,1416,DEPT_UPGRADE,1769,1200,1416,1,ACCEPTABLE
1262,1404,DEPT_CANCEL,1508,1000,1404,6,EXCESSIVE
1263,1913,DEPT_SALES,1924,1200,1913,7,ACCEPTABLE
1264,1375,DEPT_CANCEL,1769,1200,1375,4,EXCESSIVE
1265,1470,DEPT_CANCEL,1729,1000,1470,2,SHORT
1266,1301,DEPT_MAIN,1028,900,1301,8,SHORT
1267,1657,DEPT_SUPPORT,1344,900,1657,9,EXCESSIVE
1268,1357,DEPT_MAIN,1563,900,1357,7,ACCEPTABLE
1269,1966,DEPT_SALES,1984,1200,1966,7,ACCEPTABLE
1270,1748,DEPT_SALES,1434,1200,1748,8,SHORT
1271,1253,DEPT_SUPPORT,1265,900,1253,9,ACCEPTABLE
1272,1053,DEPT_SUPPORT,1115,1000,1053,8,EXCESSIVE
1273,1640,DEPT_UPGRADE,1903,1000,1640,3,EXCESSIVE
1274,1504,DEPT_UPGRADE,1294,1200,1504,2,SHORT
1275,1380,DEPT_CANCEL,1785,1000,1380,2,ACCEPTABLE
1276,1909,DEPT_SUPPORT,1341,900,1909,4,ACCEPTABLE
1277,1632,DEPT_SALES,1483,1000,1632,8,ACCEPTABLE
1278,1129,DEPT_SUPPORT,1628,1200,1129,7,EXCESSIVE
1279,1330,DEPT_UPGRADE,1486,1200,1330,3,ACCEPTABLE
1280,1572,DEPT_SALES,1157,1200,1572,8,ACCEPTABLE
1281,1294,DEPT_CANCEL,1241,1000,1294,9,SHORT
1282,1088,DEPT_UPGRADE,1298,1200,1088,4,SHORT
1283,1509,DEPT_MAIN,1778,1200,1509,5,SHORT
1284,1253,DEPT_CANCEL,1399,1200,1253,9,SHORT
1285,1004,DEPT_CANCEL,1112,900,1004,6,SHORT
1286,1946,DEPT_CANCEL,1026,900,1946,1,SHORT
1287,1280,DEPT_MAIN,1665,900,1280,8,EXCESSIVE
1288,1080,DEPT_CANCEL,1917,900,1080,3,EXCESSIVE
1289,1051,DEPT_UPGRADE,1817,1200,1051,7,EXCESSIVE
1290,1231,DEPT_CANCEL,1924,1000,1231,9,EXCESSIVE
1291,1862,DEPT_CANCEL,1024,1200,1862,9,EXCESSIVE
1292,1145,DEPT_SUPPORT,1740,1000,1145,2,EXCESSIVE
1293,1219,DEPT_SUPPORT,1456,900,1219,7,EXCESSIVE
1294,1054,DEPT_SALES,1906,1200,1054,9,ACCEPTABLE
1295,1172,DEPT_UPGRADE,1716,1000,1172,2,SHORT
1296,1845,DEPT_UPGRADE,1693,1200,1845,2,EXCESSIVE
1297,1229,DEPT_MAIN,1373,1000,1229,2,EXCESSIVE
1298,1267,DEPT_SALES,1889,900,1267,3,SHORT
1299,1302,DEPT_UPGRADE,1519,1200,1302,6,EXCESSIVE
1300,1761,DEPT_SALES,1862,1000,1761,4,SHORT
1301,1519,DEPT_MAIN,1745,900,1519,2,SHORT
1302,1437,DEPT_UPGRADE,1685,1000,1437,5,ACCEPTABLE
1303,1588,DEPT_SUPPORT,1819,1000,1588,1,ACCEPTABLE
1304,1740,DEPT_MAIN,1782,1200,1740,7,ACCEPTABLE
1305,1086,DEPT_MAIN,1066,1200,1086,4,SHORT
1306,1125,DEPT_MAIN,1339,900,1125,9,ACCEPTABLE
1307,1113,DEPT_UPGRADE,1966,1200,1113,4,SHORT
1308,1681,DEPT_MAIN,1325,1000,1681,3,EXCESSIVE
1309,1575,DEPT_UPGRADE,1036,1200,1575,4,SHORT
1310,1716,DEPT_UPGRADE,1434,1000,1716,1,EXCESSIVE
1311,1245,DEPT_MAIN,1340,900,1245,3,SHORT
1312,1113,DEPT_SALES,1925,1200,1113,3,ACCEPTABLE
1313,1214,DEPT_SALES,1345,1200,1214,8,ACCEPTABLE
1314,1026,DEPT_SALES,1591,1200,1026,3,EXCESSIVE
1315,1254,DEPT_CANCEL,1555,1200,1254,1,SHORT
1316,1244,DEPT_SUPPORT,1559,1000,1244,3,ACCEPTABLE
1317,1789,DEPT_SALES,1262,1000,1789,1,ACCEPTABLE
1318,1298,DEPT_UPGRADE,1725,1000,1298,3,SHORT
1319,1690,DEPT_SALES,1565,900,1690,9,ACCEPTABLE
1320,1843,DEPT_UPGRADE,1773,900,1843,2,EXCESSIVE
1321,1838,DEPT_SUPPORT,1248,900,1838,3,ACCEPTABLE
1322,1912,DEPT_MAIN,1965,900,1912,4,ACCEPTABLE
1323,1918,DEPT_UPGRADE,1302,1200,1918,7,SHORT
1324,1540,DEPT_CANCEL,1045,900,1540,5,SHORT
1325,1434,DEPT_UPGRADE,1934,1200,1434,1,SHORT
1326,1505,DEPT_MAIN,1359,1200,1505,8,SHORT
1327,1547,DEPT_SUPPORT,1407,900,1547,3,ACCEPTABLE
1328,1795,DEPT_UPGRADE,1955,1000,1795,3,ACCEPTABLE
1329,1865,DEPT_MAIN,1105,900,1865,6,SHORT
1330,1893,DEPT_MAIN,1613,1000,1893,2,ACCEPTABLE
1331,1645,DEPT_SUPPORT,1759,1000,1645,2,ACCEPTABLE
1332,2000,DEPT_SALES,1136,1000,2000,3,EXCESSIVE
1333,1901,DEPT_SALES,1317,1000,1901,9,ACCEPTABLE
1334,1476,DEPT_SALES,1398,900,1476,4,SHORT
1335,1580,DEPT_UPGRADE,1095,1200,1580,5,ACCEPTABLE
1336,1540,DEPT_UPGRADE,1722,1200,1540,3,EXCESSIVE
1337,1762,DEPT_CANCEL,1504,900,1762,7,ACCEPTABLE
1338,1615,DEPT_UPGRADE,1861,1200,1615,8,ACCEPTABLE
1339,1020,DEPT_CANCEL,1738,1000,1020,5,ACCEPTABLE
1340,1702,DEPT_CANCEL,1238,1200,1702,2,SHORT
1341,1699,DEPT_SUPPORT,1468,1000,1699,1,ACCEPTABLE
1342,1120,DEPT_MAIN,1564,1200,1120,1,EXCESSIVE
1343,1121,DEPT_UPGRADE,1883,1000,1121,3,ACCEPTABLE
1344,1596,DEPT_SALES,1666,900,1596,3,ACCEPTABLE
1345,1883,DEPT_SALES,1266,1000,1883,1,ACCEPTABLE
1346,1810,DEPT_CANCEL,1611,900,1810,7,SHORT
1347,1785,DEPT_UPGRADE,1995,1000,1785,4,EXCESSIVE
1348,1303,DEPT_MAIN,1555,900,1303,2,SHORT
1349,1475,DEPT_SALES,1812,1000,1475,6,ACCEPTABLE
1350,1688,DEPT_UPGRADE,1613,1000,1688,4,ACCEPTABLE
1351,1309,DEPT_MAIN,1135,1200,1309,6,SHORT
1352,1948,DEPT_SUPPORT,1223,1200,1948,9,SHORT
1353,1908,DEPT_SALES,1197,1200,1908,9,ACCEPTABLE
1354,1183,DEPT_CANCEL,1822,1200,1183,6,ACCEPTABLE
1355,1242,DEPT_SUPPORT,1538,900,1242,2,EXCESSIVE
1356,1633,DEPT_UPGRADE,1712,900,1633,8,SHORT
1357,1742,DEPT_SALES,1477,900,1742,5,SHORT
1358,1583,DEPT_UPGRADE,1779,1200,1583,4,ACCEPTABLE
1359,1245,DEPT_CANCEL,1898,900,1245,5,ACCEPTABLE
1360,1177,DEPT_CANCEL,1901,1000,1177,9,ACCEPTABLE
1361,1631,DEPT_SALES,1699,1000,1631,5,ACCEPTABLE
1362,1982,DEPT_SALES,1957,1000,1982,4,ACCEPTABLE
1363,1626,DEPT_SUPPORT,1366,1200,1626,5,EXCESSIVE
1364,1510,DEPT_SUPPORT,1481,1000,1510,5,SHORT
1365,1352,DEPT_MAIN,1870,900,1352,4,SHORT
1366,1638,DEPT_SUPPORT,1750,1200,1638,4,ACCEPTABLE
1367,1806,DEPT_UPGRADE,1182,1200,1806,1,ACCEPTABLE
1368,1042,DEPT_CANCEL,1055,1000,1042,2,ACCEPTABLE
1369,1201,DEPT_CANCEL,1692,1000,1201,4,SHORT
1370,1557,DEPT_CANCEL,1305,900,1557,3,ACCEPTABLE
1371,1755,DEPT_CANCEL,1874,1000,1755,4,SHORT
1372,1524,DEPT_SUPPORT,1857,1000,1524,4,SHORT
1373,1856,DEPT_SUPPORT,1519,1200,1856,7,SHORT
1374,1571,DEPT_SUPPORT,1416,1200,1571,1,EXCESSIVE
1375,1470,DEPT_UPGRADE,1050,1000,1470,8,ACCEPTABLE
1376,1400,DEPT_MAIN,1434,900,1400,5,SHORT
1377,1785,DEPT_MAIN,1723,1200,1785,2,SHORT
1378,1943,DEPT_CANCEL,1259,1000,1943,1,ACCEPTABLE
1379,1639,DEPT_SUPPORT,1726,1200,1639,5,ACCEPTABLE
1380,1350,DEPT_SUPPORT,1398,900,1350,7,ACCEPTABLE
1381,1288,DEPT_SUPPORT,1400,900,1288,2,SHORT
1382,1204,DEPT_MAIN,1164,1200,1204,5,EXCESSIVE
1383,1786,DEPT_MAIN,1696,900,1786,9,ACCEPTABLE
1384,1152,DEPT_SALES,1348,1000,1152,4,EXCESSIVE
1385,1817,DEPT_SUPPORT,1708,1200,1817,2,EXCESSIVE
1386,1175,DEPT_UPGRADE,1114,1200,1175,1,SHORT
1387,1794,DEPT_CANCEL,1773,900,1794,2,ACCEPTABLE
1388,1083,DEPT_SALES,1120,1200,1083,6,SHORT
1389,1328,DEPT_MAIN,1006,1200,1328,4,ACCEPTABLE
1390,1721,DEPT_UPGRADE,1531,900,1721,2,EXCESSIVE
1391,1149,DEPT_MAIN,1763,1200,1149,6,ACCEPTABLE
1392,1174,DEPT_UPGRADE,1915,1000,1174,2,ACCEPTABLE
1393,1944,DEPT_UPGRADE,1008,1000,1944,7,SHORT
1394,1661,DEPT_SALES,1046,1200,1661,2,SHORT
1395,1859,DEPT_MAIN,1585,900,1859,8,EXCESSIVE
1396,1790,DEPT_SALES,1845,1200,1790,4,ACCEPTABLE
1397,1136,DEPT_CANCEL,1490,1000,1136,3,ACCEPTABLE
1398,1527,DEPT_SALES,1207,1000,1527,1,SHORT
1399,1816,DEPT_SUPPORT,1851,900,1816,2,EXCESSIVE
1400,1495,DEPT_CANCEL,1050,900,1495,9,SHORT
1401,1371,DEPT_MAIN,1007,1000,1371,2,EXCESSIVE
1402,1518,DEPT_MAIN,1005,1000,1518,9,SHORT
1403,1099,DEPT_CANCEL,1314,1000,1099,6,EXCESSIVE
1404,1290,DEPT_SUPPORT,1093,1200,1290,4,SHORT
1405,1326,DEPT_CANCEL,1102,1000,1326,3,EXCESSIVE
1406,1528,DEPT_MAIN,1583,900,1528,3,EXCESSIVE
1407,1471,DEPT_SALES,1112,900,1471,1,ACCEPTABLE
1408,1090,DEPT_SUPPORT,1327,1000,1090,2,SHORT
1409,1758,DEPT_SUPPORT,1627,1200,1758,5,SHORT
1410,1375,DEPT_SUPPORT,1838,1000,1375,7,SHORT
1411,1121,DEPT_UPGRADE,1473,900,1121,2,SHORT
1412,1935,DEPT_MAIN,1558,1200,1935,4,EXCESSIVE
1413,1442,DEPT_UPGRADE,1672,1000,1442,7,SHORT
1414,1412,DEPT_SALES,1578,900,1412,4,ACCEPTABLE
1415,1130,DEPT_SALES,1237,1200,1130,5,SHORT
1416,1554,DEPT_SUPPORT,1275,1000,1554,8,SHORT
1417,1572,DEPT_CANCEL,1160,1200,1572,2,SHORT
1418,1780,DEPT_CANCEL,1887,1000,1780,6,SHORT
1419,1617,DEPT_CANCEL,1662,1000,1617,2,EXCESSIVE
1420,1067,DEPT_CANCEL,1586,1200,1067,9,ACCEPTABLE
1421,1377,DEPT_SUPPORT,1205,900,1377,7,EXCESSIVE
1422,1892,DEPT_CANCEL,1824,900,1892,3,SHORT
1423,1783,DEPT_MAIN,1363,900,1783,8,EXCESSIVE
1424,1708,DEPT_SALES,1828,1200,1708,3,EXCESSIVE
1425,1745,DEPT_CANCEL,1670,900,1745,1,SHORT
1426,1896,DEPT_MAIN,1852,900,1896,1,EXCESSIVE
1427,1995,DEPT_SALES,1425,1000,1995,4,ACCEPTABLE
1428,1750,DEPT_SUPPORT,1586,1200,1750,8,EXCESSIVE
1429,1189,DEPT_SALES,1934,1000,1189,4,ACCEPTABLE
1430,1192,DEPT_MAIN,1391,1000,1192,2,SHORT
1431,1495,DEPT_CANCEL,1255,1000,1495,9,ACCEPTABLE
1432,1379,DEPT_SUPPORT,1194,900,1379,1,SHORT
1433,1905,DEPT_CANCEL,1139,1200,1905,8,SHORT
1434,1093,DEPT_UPGRADE,1025,1000,1093,5,SHORT
1435,1737,DEPT_MAIN,1121,1200,1737,4,SHORT
1436,1720,DEPT_SUPPORT,1056,1000,1720,6,SHORT
1437,1556,DEPT_UPGRADE,1651,900,1556,5,ACCEPTABLE
1438,1162,DEPT_SALES,1674,1200,1162,9,EXCESSIVE
1439,1400,DEPT_UPGRADE,1160,900,1400,3,EXCESSIVE
1440,1646,DEPT_SALES,1159,900,1646,7,SHORT
1441,1152,DEPT_MAIN,1741,1200,1152,6,SHORT
1442,1439,DEPT_MAIN,1901,1000,1439,5,ACCEPTABLE
1443,1514,DEPT_SALES,1968,1200,1514,4,ACCEPTABLE
1444,1932,DEPT_SUPPORT,1571,900,1932,4,SHORT
1445,1695,DEPT_UPGRADE,1333,900,1695,3,EXCESSIVE
1446,1136,DEPT_SALES,1630,1200,1136,7,ACCEPTABLE
1447,1713,DEPT_UPGRADE,1292,900,1713,5,SHORT
1448,1758,DEPT_SUPPORT,1726,1200,1758,7,ACCEPTABLE
1449,1940,DEPT_SALES,1922,1200,1940,9,SHORT
1450,1027,DEPT_SALES,1067,1000,1027,8,ACCEPTABLE
1451,1887,DEPT_CANCEL,1680,1200,1887,1,SHORT
1452,1909,DEPT_CANCEL,1423,1000,1909,2,ACCEPTABLE
1453,1710,DEPT_UPGRADE,1300,900,1710,1,SHORT
1454,1494,DEPT_SUPPORT,1151,1000,1494,9,SHORT
1455,1825,DEPT_CANCEL,1908,1200,1825,3,ACCEPTABLE
1456,1372,DEPT_MAIN,1943,1000,1372,8,SHORT
1457,1657,DEPT_MAIN,1098,1200,1657,7,SHORT
1458,1711,DEPT_MAIN,1510,1200,1711,9,EXCESSIVE
1459,1823,DEPT_SALES,1325,1200,1823,7,ACCEPTABLE
1460,1199,DEPT_SUPPORT,1660,900,1199,4,SHORT
1461,1981,DEPT_UPGRADE,1036,1200,1981,9,ACCEPTABLE
1462,1014,DEPT_SUPPORT,1838,1200,1014,3,EXCESSIVE
1463,1910,DEPT_SALES,1428,900,1910,8,EXCESSIVE
1464,1251,DEPT_SALES,1453,1200,1251,8,ACCEPTABLE
1465,1825,DEPT_SALES,1654,900,1825,8,ACCEPTABLE
1466,1390,DEPT_UPGRADE,1689,900,1390,6,SHORT
1467,1822,DEPT_UPGRADE,1692,1000,1822,3,SHORT
1468,1006,DEPT_MAIN,1987,1200,1006,5,SHORT
1469,1423,DEPT_MAIN,1842,1200,1423,5,ACCEPTABLE
1470,1359,DEPT_MAIN,1976,900,1359,6,EXCESSIVE
1471,1042,DEPT_MAIN,1710,1200,1042,7,EXCESSIVE
1472,1186,DEPT_SUPPORT,1462,1200,1186,7,ACCEPTABLE
1473,1207,DEPT_SUPPORT,1637,1000,1207,4,ACCEPTABLE
1474,1080,DEPT_UPGRADE,1446,1000,1080,4,ACCEPTABLE
1475,1679,DEPT_SALES,1870,1200,1679,4,ACCEPTABLE
1476,1688,DEPT_CANCEL,1444,1200,1688,7,EXCESSIVE
1477,1953,DEPT_SUPPORT,1216,1000,1953,9,EXCESSIVE
1478,1168,DEPT_MAIN,1917,1000,1168,7,EXCESSIVE
1479,1695,DEPT_MAIN,1995,900,1695,8,SHORT
1480,1537,DEPT_SALES,1910,900,1537,9,ACCEPTABLE
1481,1988,DEPT_UPGRADE,1370,1200,1988,5,ACCEPTABLE
1482,1166,DEPT_SUPPORT,1953,1200,1166,8,EXCESSIVE
1483,1157,DEPT_MAIN,1379,1200,1157,1,EXCESSIVE
1484,1337,DEPT_SALES,1438,1000,1337,4,SHORT
1485,1180,DEPT_MAIN,1176,1000,1180,4,SHORT
1486,1080,DEPT_MAIN,1524,1200,1080,5,ACCEPTABLE
1487,1135,DEPT_CANCEL,1657,900,1135,3,ACCEPTABLE
1488,1586,DEPT_SUPPORT,1853,900,1586,5,SHORT
1489,1157,DEPT_SUPPORT,1101,1200,1157,2,ACCEPTABLE
1490,1271,DEPT_MAIN,1199,1200,1271,9,ACCEPTABLE
1491,1688,DEPT_MAIN,1160,900,1688,5,SHORT
1492,1953,DEPT_UPGRADE,1331,1000,1953,2,ACCEPTABLE
1493,1659,DEPT_SUPPORT,1133,900,1659,4,EXCESSIVE
1494,1187,DEPT_SALES,1423,1200,1187,3,ACCEPTABLE
1495,1990,DEPT_CANCEL,1234,1000,1990,4,SHORT
1496,1475,DEPT_SALES,1647,1200,1475,1,ACCEPTABLE
1497,1418,DEPT_SUPPORT,1875,1000,1418,6,ACCEPTABLE
1498,1347,DEPT_UPGRADE,1816,1200,1347,8,ACCEPTABLE
1499,1654,DEPT_MAIN,1977,1200,1654,3,ACCEPTABLE
1500,1623,DEPT_MAIN,1351,900,1623,8,EXCESSIVE
1501,1286,DEPT_MAIN,1936,900,1286,9,EXCESSIVE
1502,1766,DEPT_MAIN,1722,900,1766,4,SHORT
1503,1873,DEPT_UPGRADE,1389,1200,1873,9,SHORT
1504,1562,DEPT_MAIN,1014,1200,1562,5,EXCESSIVE
1505,1306,DEPT_SALES,1446,1200,1306,9,SHORT
1506,1922,DEPT_SUPPORT,1185,900,1922,7,ACCEPTABLE
1507,1240,DEPT_MAIN,1214,900,1240,4,ACCEPTABLE
1508,1550,DEPT_CANCEL,1655,1000,1550,7,SHORT
1509,1504,DEPT_SALES,1654,1000,1504,4,EXCESSIVE
1510,1465,DEPT_MAIN,1597,1200,1465,5,ACCEPTABLE
1511,1427,DEPT_SUPPORT,1401,1000,1427,4,SHORT
1512,1550,DEPT_UPGRADE,1873,1000,1550,9,SHORT
1513,1891,DEPT_SALES,1106,900,1891,9,ACCEPTABLE
1514,1183,DEPT_CANCEL,1359,900,1183,2,SHORT
1515,1570,DEPT_SALES,1863,1200,1570,6,SHORT
1516,1094,DEPT_MAIN,1589,1000,1094,1,EXCESSIVE
1517,1237,DEPT_UPGRADE,1628,1200,1237,8,ACCEPTABLE
1518,1210,DEPT_MAIN,1315,1000,1210,8,SHORT
1519,1637,DEPT_SUPPORT,1882,1000,1637,7,EXCESSIVE
1520,1657,DEPT_CANCEL,1146,1000,1657,8,SHORT
1521,1711,DEPT_SUPPORT,1021,1200,1711,7,EXCESSIVE
1522,1194,DEPT_CANCEL,1130,900,1194,1,ACCEPTABLE
1523,1239,DEPT_CANCEL,1481,1000,1239,3,ACCEPTABLE
1524,1596,DEPT_CANCEL,1170,1200,1596,8,EXCESSIVE
1525,1175,DEPT_MAIN,1245,1000,1175,8,ACCEPTABLE
1526,1868,DEPT_SUPPORT,1489,1000,1868,9,SHORT
1527,1298,DEPT_SALES,1240,900,1298,8,EXCESSIVE
1528,1980,DEPT_UPGRADE,1699,900,1980,8,ACCEPTABLE
1529,1094,DEPT_CANCEL,1359,1200,1094,4,EXCESSIVE
1530,1534,DEPT_CANCEL,1385,1200,1534,4,ACCEPTABLE
1531,1976,DEPT_SUPPORT,1212,1000,1976,9,ACCEPTABLE
1532,1820,DEPT_SALES,1121,1000,1820,4,ACCEPTABLE
1533,1714,DEPT_UPGRADE,1204,1200,1714,8,SHORT
1534,1509,DEPT_MAIN,1116,1200,1509,5,ACCEPTABLE
1535,1477,DEPT_MAIN,1872,1200,1477,7,SHORT
1536,1355,DEPT_SALES,1125,1200,1355,7,SHORT
1537,1967,DEPT_SUPPORT,1189,1000,1967,6,EXCESSIVE
1538,1986,DEPT_SALES,1869,1000,1986,4,ACCEPTABLE
1539,1595,DEPT_MAIN,1241,1200,1595,4,SHORT
1540,1557,DEPT_SALES,1636,1200,1557,1,ACCEPTABLE
1541,1878,DEPT_SUPPORT,1127,1200,1878,9,ACCEPTABLE
1542,1323,DEPT_MAIN,1600,900,1323,8,SHORT
1543,1009,DEPT_MAIN,1425,1000,1009,6,ACCEPTABLE
1544,1417,DEPT_SUPPORT,1579,1200,1417,6,SHORT
1545,1192,DEPT_CANCEL,1320,1200,1192,1,ACCEPTABLE
1546,1431,DEPT_CANCEL,1840,900,1431,6,EXCESSIVE
1547,1319,DEPT_MAIN,1596,1200,1319,6,SHORT
1548,1653,DEPT_CANCEL,1157,900,1653,4,EXCESSIVE
1549,1878,DEPT_SALES,1970,1000,1878,6,EXCESSIVE
1550,1400,DEPT_SUPPORT,1027,1200,1400,1,EXCESSIVE
1551,1621,DEPT_UPGRADE,1646,1200,1621,6,ACCEPTABLE
1552,1215,DEPT_SUPPORT,1063,1200,1215,5,ACCEPTABLE
1553,1092,DEPT_SALES,1811,1000,1092,5,SHORT
1554,1849,DEPT_UPGRADE,1260,1000,1849,4,SHORT
1555,1471,DEPT_MAIN,1511,1200,1471,2,EXCESSIVE
1556,1949,DEPT_UPGRADE,1831,1000,1949,3,EXCESSIVE
1557,1030,DEPT_MAIN,1242,1000,1030,8,EXCESSIVE
1558,1183,DEPT_UPGRADE,1682,1200,1183,4,SHORT
1559,1180,DEPT_SALES,1199,900,1180,1,EXCESSIVE
1560,1343,DEPT_SUPPORT,1365,1200,1343,1,ACCEPTABLE
1561,1379,DEPT_SUPPORT,1285,1000,1379,2,ACCEPTABLE
1562,1804,DEPT_MAIN,1940,1000,1804,4,SHORT
1563,1564,DEPT_MAIN,1983,900,1564,7,SHORT
1564,1317,DEPT_SUPPORT,1818,900,1317,4,ACCEPTABLE
1565,1762,DEPT_MAIN,1727,900,1762,5,EXCESSIVE
1566,1975,DEPT_UPGRADE,1673,900,1975,7,EXCESSIVE
1567,1707,DEPT_SUPPORT,1431,1200,1707,7,SHORT
1568,1755,DEPT_CANCEL,1112,1000,1755,6,SHORT
1569,1431,DEPT_SALES,1645,900,1431,5,ACCEPTABLE
1570,1442,DEPT_MAIN,1269,1000,1442,4,ACCEPTABLE
1571,1190,DEPT_SALES,1283,1000,1190,7,SHORT
1572,1259,DEPT_SALES,1576,1200,1259,1,SHORT
1573,1101,DEPT_SALES,1728,1000,1101,4,EXCESSIVE
1574,1038,DEPT_SALES,1339,1200,1038,7,EXCESSIVE
1575,1649,DEPT_CANCEL,1575,1000,1649,9,EXCESSIVE
1576,1957,DEPT_MAIN,1185,1200,1957,3,SHORT
1577,1834,DEPT_MAIN,1229,1200,1834,3,EXCESSIVE
1578,1509,DEPT_SUPPORT,1616,1000,1509,7,EXCESSIVE
1579,1832,DEPT_SALES,1037,1200,1832,1,EXCESSIVE
1580,1394,DEPT_CANCEL,1424,1200,1394,2,EXCESSIVE
1581,1955,DEPT_MAIN,1434,1200,1955,7,EXCESSIVE
1582,1358,DEPT_MAIN,1561,900,1358,5,EXCESSIVE
1583,1904,DEPT_MAIN,1195,1000,1904,3,EXCESSIVE
1584,1945,DEPT_CANCEL,1234,1000,1945,9,SHORT
1585,1150,DEPT_CANCEL,1199,900,1150,5,ACCEPTABLE
1586,1706,DEPT_MAIN,1267,1200,1706,9,SHORT
1587,1682,DEPT_MAIN,1118,900,1682,4,SHORT
1588,1497,DEPT_SUPPORT,1370,1000,1497,9,SHORT
1589,1676,DEPT_MAIN,1187,1200,1676,1,EXCESSIVE
1590,1316,DEPT_SALES,1652,1000,1316,1,ACCEPTABLE
1591,1416,DEPT_UPGRADE,1542,1000,1416,2,SHORT
1592,1776,DEPT_SALES,1792,1000,1776,5,SHORT
1593,1852,DEPT_MAIN,1784,1200,1852,4,SHORT
1594,1355,DEPT_UPGRADE,1577,900,1355,4,SHORT
1595,1772,DEPT_SALES,1111,900,1772,6,EXCESSIVE
1596,1134,DEPT_MAIN,1954,1000,1134,8,ACCEPTABLE
1597,1302,DEPT_SUPPORT,1317,1200,1302,8,SHORT
1598,1251,DEPT_SALES,1555,1000,1251,4,ACCEPTABLE
1599,1502,DEPT_CANCEL,1376,900,1502,8,ACCEPTABLE
1600,1129,DEPT_UPGRADE,1713,900,1129,1,SHORT
1601,1270,DEPT_MAIN,1698,900,1270,7,ACCEPTABLE
1602,1929,DEPT_MAIN,1829,900,1929,9,SHORT
1603,1581,DEPT_SUPPORT,1170,1000,1581,9,ACCEPTABLE
1604,1870,DEPT_SALES,1832,900,1870,3,EXCESSIVE
1605,1930,DEPT_SUPPORT,1107,1000,1930,8,EXCESSIVE
1606,1682,DEPT_UPGRADE,1117,1000,1682,2,SHORT
1607,1294,DEPT_SUPPORT,1650,900,1294,4,EXCESSIVE
1608,1197,DEPT_SUPPORT,1357,1200,1197,5,ACCEPTABLE
1609,1447,DEPT_MAIN,1335,1200,1447,9,ACCEPTABLE
1610,1656,DEPT_SUPPORT,1159,1000,1656,8,ACCEPTABLE
1611,1721,DEPT_SUPPORT,1789,1200,1721,1,SHORT
1612,1224,DEPT_UPGRADE,1444,1200,1224,6,SHORT
1613,1639,DEPT_SALES,1199,1000,1639,6,ACCEPTABLE
1614,1607,DEPT_SUPPORT,1811,1200,1607,4,EXCESSIVE
1615,1577,DEPT_CANCEL,1972,900,1577,6,ACCEPTABLE
1616,1524,DEPT_SUPPORT,1311,1000,1524,3,SHORT
1617,1452,DEPT_SALES,1009,1000,1452,3,ACCEPTABLE
1618,1412,DEPT_UPGRADE,1683,1000,1412,9,SHORT
1619,1513,DEPT_SALES,1704,1000,1513,9,ACCEPTABLE
1620,1083,DEPT_MAIN,1089,900,1083,2,EXCESSIVE
1621,1299,DEPT_UPGRADE,1114,1200,1299,4,SHORT
1622,1364,DEPT_CANCEL,1524,1200,1364,7,EXCESSIVE
1623,1180,DEPT_MAIN,1660,1200,1180,5,ACCEPTABLE
1624,1266,DEPT_CANCEL,1526,1000,1266,4,SHORT
1625,1065,DEPT_UPGRADE,1195,1000,1065,6,EXCESSIVE
1626,1439,DEPT_SUPPORT,1188,1200,1439,8,ACCEPTABLE
1627,1533,DEPT_SALES,1734,1000,1533,2,ACCEPTABLE
1628,1382,DEPT_SUPPORT,1127,900,1382,4,SHORT
1629,1520,DEPT_MAIN,1037,1000,1520,7,EXCESSIVE
1630,1996,DEPT_SALES,1468,1000,1996,3,SHORT
1631,1250,DEPT_MAIN,1613,1200,1250,1,EXCESSIVE
1632,1185,DEPT_MAIN,1860,1200,1185,1,ACCEPTABLE
1633,1194,DEPT_UPGRADE,1046,1200,1194,6,ACCEPTABLE
1634,1552,DEPT_SUPPORT,1376,1000,1552,3,EXCESSIVE
1635,1107,DEPT_CANCEL,1089,900,1107,8,ACCEPTABLE
1636,1295,DEPT_CANCEL,1568,1200,1295,4,EXCESSIVE
1637,1766,DEPT_CANCEL,1636,1000,1766,6,ACCEPTABLE
1638,1022,DEPT_MAIN,1842,1200,1022,1,ACCEPTABLE
1639,1019,DEPT_CANCEL,1420,1000,1019,2,ACCEPTABLE
1640,1451,DEPT_MAIN,1893,1200,1451,3,ACCEPTABLE
1641,1818,DEPT_UPGRADE,1974,1200,1818,8,ACCEPTABLE
1642,1737,DEPT_CANCEL,1503,1200,1737,9,EXCESSIVE
1643,1164,DEPT_SUPPORT,1760,1000,1164,7,ACCEPTABLE
1644,1243,DEPT_UPGRADE,1352,1000,1243,1,ACCEPTABLE
1645,1310,DEPT_CANCEL,1363,1200,1310,4,SHORT
1646,1262,DEPT_SALES,1608,900,1262,4,EXCESSIVE
1647,1349,DEPT_UPGRADE,1503,1000,1349,5,ACCEPTABLE
1648,1374,DEPT_UPGRADE,1954,1200,1374,8,EXCESSIVE
1649,1277,DEPT_CANCEL,1727,1200,1277,1,EXCESSIVE
1650,1041,DEPT_UPGRADE,1067,900,1041,3,SHORT
1651,1225,DEPT_CANCEL,1813,1000,1225,6,SHORT
1652,1410,DEPT_MAIN,1006,1000,1410,5,ACCEPTABLE
1653,1940,DEPT_SALES,1048,1000,1940,1,ACCEPTABLE
1654,1294,DEPT_CANCEL,1115,1200,1294,8,SHORT
1655,1206,DEPT_SUPPORT,1874,1200,1206,2,ACCEPTABLE
1656,1400,DEPT_UPGRADE,1083,900,1400,5,EXCESSIVE
1657,1988,DEPT_MAIN,1882,1000,1988,5,EXCESSIVE
1658,1527,DEPT_SALES,1769,1200,1527,1,EXCESSIVE
1659,1140,DEPT_CANCEL,1006,1200,1140,4,ACCEPTABLE
1660,1112,DEPT_UPGRADE,1288,1000,1112,3,EXCESSIVE
1661,1915,DEPT_SALES,1556,1200,1915,6,EXCESSIVE
1662,1889,DEPT_CANCEL,1807,1000,1889,1,EXCESSIVE
1663,1861,DEPT_CANCEL,1265,1200,1861,5,EXCESSIVE
1664,1135,DEPT_SUPPORT,1537,900,1135,3,EXCESSIVE
1665,1199,DEPT_SALES,1459,900,1199,8,ACCEPTABLE
1666,1631,DEPT_SALES,1302,1000,1631,2,EXCESSIVE
1667,1783,DEPT_CANCEL,1526,1000,1783,2,SHORT
1668,1917,DEPT_UPGRADE,1397,900,1917,6,EXCESSIVE
1669,1321,DEPT_CANCEL,1788,900,1321,7,EXCESSIVE
1670,1902,DEPT_CANCEL,1231,1200,1902,7,SHORT
1671,1109,DEPT_MAIN,1889,1000,1109,2,ACCEPTABLE
1672,1761,DEPT_SALES,1326,1200,1761,7,ACCEPTABLE
1673,1544,DEPT_SUPPORT,1067,1000,1544,3,SHORT
1674,1245,DEPT_CANCEL,1365,900,1245,2,SHORT
1675,1089,DEPT_CANCEL,1061,1000,1089,1,EXCESSIVE
1676,1931,DEPT_MAIN,1007,1200,1931,7,ACCEPTABLE
1677,1481,DEPT_SALES,1466,900,1481,5,ACCEPTABLE
1678,1082,DEPT_MAIN,1413,900,1082,4,EXCESSIVE
1679,1771,DEPT_UPGRADE,1321,1200,1771,5,SHORT
1680,1094,DEPT_SALES,1234,900,1094,6,SHORT
1681,1450,DEPT_UPGRADE,1061,900,1450,2,EXCESSIVE
1682,1551,DEPT_CANCEL,1851,1200,1551,4,SHORT
1683,1666,DEPT_SALES,1874,900,1666,8,SHORT
1684,1974,DEPT_SUPPORT,1744,1000,1974,4,SHORT
1685,1071,DEPT_SALES,1775,900,1071,4,ACCEPTABLE
1686,1825,DEPT_SALES,1068,1000,1825,1,SHORT
1687,1136,DEPT_UPGRADE,1166,1000,1136,8,EXCESSIVE
1688,1398,DEPT_SALES,1699,1200,1398,9,ACCEPTABLE
1689,1573,DEPT_CANCEL,1542,900,1573,8,EXCESSIVE
1690,1021,DEPT_MAIN,1666,1000,1021,4,EXCESSIVE
1691,1784,DEPT_MAIN,1707,1000,1784,2,SHORT
1692,1386,DEPT_SALES,1783,1000,1386,7,ACCEPTABLE
1693,1058,DEPT_SALES,1128,1200,1058,2,EXCESSIVE
1694,1961,DEPT_SUPPORT,1405,1000,1961,5,ACCEPTABLE
1695,1896,DEPT_MAIN,1276,1000,1896,1,EXCESSIVE
1696,1471,DEPT_MAIN,1585,900,1471,2,ACCEPTABLE
1697,1356,DEPT_CANCEL,1612,1200,1356,1,SHORT
1698,1238,DEPT_MAIN,1447,1000,1238,1,SHORT
1699,1305,DEPT_CANCEL,1424,1200,1305,8,SHORT
1700,1889,DEPT_SALES,1626,900,1889,9,EXCESSIVE
1701,1473,DEPT_SALES,1659,1200,1473,2,ACCEPTABLE
1702,1821,DEPT_CANCEL,1621,1000,1821,8,SHORT
1703,1660,DEPT_SUPPORT,1143,1200,1660,7,ACCEPTABLE
1704,1029,DEPT_CANCEL,1722,1200,1029,8,EXCESSIVE
1705,1703,DEPT_CANCEL,1774,1200,1703,3,EXCESSIVE
1706,1123,DEPT_MAIN,1654,1200,1123,1,EXCESSIVE
1707,1153,DEPT_UPGRADE,1212,1200,1153,8,EXCESSIVE
1708,1536,DEPT_CANCEL,1618,1000,1536,6,SHORT
1709,1593,DEPT_CANCEL,1792,1000,1593,3,ACCEPTABLE
1710,1773,DEPT_SUPPORT,1733,1000,1773,9,EXCESSIVE
1711,1111,DEPT_CANCEL,1461,1200,1111,6,ACCEPTABLE
1712,1758,DEPT_CANCEL,1691,900,1758,5,ACCEPTABLE
1713,1106,DEPT_MAIN,1297,900,1106,3,EXCESSIVE
1714,1930,DEPT_UPGRADE,1015,1200,1930,5,EXCESSIVE
1715,1661,DEPT_CANCEL,1345,1200,1661,9,SHORT
1716,1406,DEPT_SUPPORT,1965,1000,1406,6,SHORT
1717,1385,DEPT_SUPPORT,1606,1000,1385,4,SHORT
1718,1871,DEPT_SALES,1584,1200,1871,9,SHORT
1719,1843,DEPT_CANCEL,1943,1200,1843,8,SHORT
1720,1467,DEPT_UPGRADE,1857,900,1467,9,SHORT
1721,1170,DEPT_UPGRADE,1154,1000,1170,5,ACCEPTABLE
1722,1822,DEPT_SALES,1227,1200,1822,6,EXCESSIVE
1723,1784,DEPT_SUPPORT,1214,1000,1784,8,ACCEPTABLE
1724,1108,DEPT_CANCEL,1091,1000,1108,5,EXCESSIVE
1725,1398,DEPT_SALES,1134,1200,1398,3,ACCEPTABLE
1726,1517,DEPT_MAIN,1786,900,1517,4,EXCESSIVE
1727,1976,DEPT_CANCEL,1586,1200,1976,9,SHORT
1728,1283,DEPT_SUPPORT,1323,900,1283,4,ACCEPTABLE
1729,1378,DEPT_SALES,1435,1000,1378,2,SHORT
1730,1099,DEPT_UPGRADE,1946,1200,1099,5,ACCEPTABLE
1731,1653,DEPT_MAIN,1790,1200,1653,4,SHORT
1732,1292,DEPT_SALES,1838,1200,1292,7,EXCESSIVE
1733,1582,DEPT_UPGRADE,1376,1000,1582,9,ACCEPTABLE
1734,1550,DEPT_SUPPORT,1131,900,1550,9,SHORT
1735,1823,DEPT_SUPPORT,1498,1200,1823,4,EXCESSIVE
1736,1244,DEPT_UPGRADE,1965,1000,1244,7,SHORT
1737,1789,DEPT_CANCEL,1153,1200,1789,9,ACCEPTABLE
1738,1866,DEPT_CANCEL,1576,900,1866,9,EXCESSIVE
1739,1437,DEPT_CANCEL,1642,1000,1437,6,EXCESSIVE
1740,1158,DEPT_UPGRADE,1998,900,1158,5,EXCESSIVE
1741,1058,DEPT_SUPPORT,1076,1000,1058,2,SHORT
1742,1541,DEPT_CANCEL,1817,1000,1541,8,EXCESSIVE
1743,1527,DEPT_SUPPORT,1419,1000,1527,8,SHORT
1744,1160,DEPT_UPGRADE,1592,1000,1160,6,SHORT
1745,1685,DEPT_SALES,1370,1200,1685,7,EXCESSIVE
1746,1124,DEPT_UPGRADE,1603,900,1124,8,ACCEPTABLE
1747,1869,DEPT_SUPPORT,1185,900,1869,1,EXCESSIVE
1748,1024,DEPT_MAIN,1497,1200,1024,8,EXCESSIVE
1749,1265,DEPT_UPGRADE,1592,1000,1265,2,EXCESSIVE
1750,1706,DEPT_SALES,1586,1200,1706,7,ACCEPTABLE
1751,1268,DEPT_UPGRADE,1035,900,1268,5,ACCEPTABLE
1752,1177,DEPT_CANCEL,1069,1000,1177,6,SHORT
1753,1563,DEPT_CANCEL,1150,900,1563,6,SHORT
1754,1633,DEPT_SALES,1475,1200,1633,8,EXCESSIVE
1755,1866,DEPT_CANCEL,1325,900,1866,6,EXCESSIVE
1756,1650,DEPT_SUPPORT,1215,1000,1650,4,EXCESSIVE
1757,1508,DEPT_SUPPORT,1316,1200,1508,1,ACCEPTABLE
1758,1774,DEPT_UPGRADE,1448,900,1774,3,ACCEPTABLE
1759,1074,DEPT_SALES,1428,1000,1074,5,ACCEPTABLE
1760,1132,DEPT_CANCEL,1374,1000,1132,5,EXCESSIVE
1761,1439,DEPT_SALES,1751,1200,1439,6,EXCESSIVE
1762,1515,DEPT_MAIN,1970,1000,1515,3,ACCEPTABLE
1763,1103,DEPT_CANCEL,1116,900,1103,1,SHORT
1764,1824,DEPT_SALES,1389,1000,1824,8,EXCESSIVE
1765,1400,DEPT_UPGRADE,1209,1200,1400,5,SHORT
1766,1212,DEPT_CANCEL,1386,1200,1212,1,ACCEPTABLE
1767,1615,DEPT_SALES,1480,1200,1615,2,ACCEPTABLE
1768,1968,DEPT_UPGRADE,1119,1000,1968,2,EXCESSIVE
1769,1533,DEPT_SALES,1774,1000,1533,2,SHORT
1770,1251,DEPT_CANCEL,1066,1000,1251,8,ACCEPTABLE
1771,1900,DEPT_UPGRADE,1373,1000,1900,5,ACCEPTABLE
1772,1116,DEPT_SUPPORT,1827,1000,1116,2,SHORT
1773,1958,DEPT_CANCEL,1351,900,1958,4,EXCESSIVE
1774,1789,DEPT_CANCEL,1040,1200,1789,2,EXCESSIVE
1775,1768,DEPT_CANCEL,1554,1000,1768,4,EXCESSIVE
1776,1007,DEPT_UPGRADE,1604,1200,1007,5,EXCESSIVE
1777,1225,DEPT_CANCEL,1420,1200,1225,1,EXCESSIVE
1778,1944,DEPT_UPGRADE,1890,1000,1944,3,ACCEPTABLE
1779,1548,DEPT_UPGRADE,1887,1000,1548,6,ACCEPTABLE
1780,1945,DEPT_CANCEL,1875,900,1945,2,ACCEPTABLE
1781,1473,DEPT_SUPPORT,1865,900,1473,2,EXCESSIVE
1782,1621,DEPT_SALES,1706,1200,1621,6,SHORT
1783,1319,DEPT_MAIN,1780,1000,1319,9,SHORT
1784,1204,DEPT_SUPPORT,1780,900,1204,3,EXCESSIVE
1785,1311,DEPT_UPGRADE,1143,900,1311,1,SHORT
1786,1919,DEPT_SUPPORT,1722,1200,1919,3,EXCESSIVE
1787,1522,DEPT_UPGRADE,1549,1200,1522,8,EXCESSIVE
1788,1413,DEPT_SALES,1984,1200,1413,8,SHORT
1789,1462,DEPT_MAIN,1495,1000,1462,4,SHORT
1790,1726,DEPT_UPGRADE,1492,900,1726,2,EXCESSIVE
1791,1530,DEPT_SALES,1316,1000,1530,2,EXCESSIVE
1792,1337,DEPT_SALES,1964,1200,1337,8,EXCESSIVE
1793,1173,DEPT_SALES,1283,900,1173,6,EXCESSIVE
1794,1639,DEPT_MAIN,1777,900,1639,1,SHORT
1795,1446,DEPT_SALES,1294,900,1446,4,EXCESSIVE
1796,1465,DEPT_CANCEL,1663,900,1465,4,SHORT
1797,1855,DEPT_SALES,1528,1200,1855,4,EXCESSIVE
1798,1754,DEPT_MAIN,1386,1200,1754,9,ACCEPTABLE
1799,1311,DEPT_MAIN,1062,1000,1311,8,SHORT
1800,1866,DEPT_UPGRADE,1589,1200,1866,8,ACCEPTABLE
1801,1769,DEPT_SUPPORT,1780,1200,1769,4,EXCESSIVE
1802,1343,DEPT_MAIN,1303,900,1343,6,EXCESSIVE
1803,1822,DEPT_SUPPORT,1513,900,1822,2,ACCEPTABLE
1804,1092,DEPT_SALES,1455,1200,1092,5,EXCESSIVE
1805,1077,DEPT_SALES,1007,1200,1077,5,SHORT
1806,1360,DEPT_UPGRADE,1594,1200,1360,2,SHORT
1807,1020,DEPT_MAIN,1019,900,1020,9,EXCESSIVE
1808,1182,DEPT_UPGRADE,1118,1200,1182,5,ACCEPTABLE
1809,1794,DEPT_SUPPORT,1908,900,1794,3,SHORT
1810,1724,DEPT_CANCEL,1566,1000,1724,5,EXCESSIVE
1811,1893,DEPT_SALES,1059,1200,1893,2,ACCEPTABLE
1812,1264,DEPT_SUPPORT,1688,1000,1264,9,EXCESSIVE
1813,1083,DEPT_CANCEL,1367,1200,1083,6,EXCESSIVE
1814,1902,DEPT_SALES,1358,1200,1902,2,ACCEPTABLE
1815,1315,DEPT_UPGRADE,1620,1200,1315,1,ACCEPTABLE
1816,1769,DEPT_UPGRADE,1205,1000,1769,5,ACCEPTABLE
1817,1780,DEPT_CANCEL,1636,1200,1780,8,SHORT
1818,1672,DEPT_MAIN,1520,1200,1672,9,SHORT
1819,1943,DEPT_SUPPORT,1815,1200,1943,9,SHORT
1820,1911,DEPT_SUPPORT,1577,1000,1911,5,ACCEPTABLE
1821,1530,DEPT_SUPPORT,1684,1200,1530,2,EXCESSIVE
1822,1937,DEPT_UPGRADE,1239,900,1937,4,EXCESSIVE
1823,1558,DEPT_MAIN,1522,1000,1558,8,SHORT
1824,1631,DEPT_SUPPORT,1326,1200,1631,7,ACCEPTABLE
1825,1625,DEPT_CANCEL,1342,1000,1625,6,SHORT
1826,1567,DEPT_UPGRADE,1334,1200,1567,9,ACCEPTABLE
1827,1850,DEPT_CANCEL,1634,1000,1850,4,EXCESSIVE
1828,1634,DEPT_UPGRADE,1249,1200,1634,9,EXCESSIVE
1829,1662,DEPT_MAIN,1466,1200,1662,4,SHORT
1830,1817,DEPT_CANCEL,1984,1200,1817,4,EXCESSIVE
1831,1037,DEPT_SUPPORT,1705,1000,1037,5,EXCESSIVE
1832,1120,DEPT_CANCEL,1748,1200,1120,2,SHORT
1833,1669,DEPT_UPGRADE,1557,1200,1669,6,EXCESSIVE
1834,1617,DEPT_CANCEL,1452,1000,1617,7,ACCEPTABLE
1835,1447,DEPT_SALES,1606,1200,1447,8,ACCEPTABLE
1836,1327,DEPT_SALES,1885,1200,1327,3,SHORT
1837,1931,DEPT_SALES,1240,1000,1931,4,SHORT
1838,1059,DEPT_SALES,1311,1000,1059,8,SHORT
1839,1735,DEPT_MAIN,1029,1000,1735,6,ACCEPTABLE
1840,1223,DEPT_UPGRADE,1266,1000,1223,1,SHORT
1841,1375,DEPT_SALES,1978,1000,1375,7,SHORT
1842,1140,DEPT_CANCEL,1623,1000,1140,6,ACCEPTABLE
1843,1003,DEPT_SALES,1019,1200,1003,2,ACCEPTABLE
1844,1846,DEPT_SUPPORT,1593,1200,1846,8,ACCEPTABLE
1845,1541,DEPT_SUPPORT,1740,1000,1541,1,SHORT
1846,1147,DEPT_SALES,1388,900,1147,3,EXCESSIVE
1847,1040,DEPT_CANCEL,1480,1200,1040,2,ACCEPTABLE
1848,1556,DEPT_SALES,1352,1200,1556,8,SHORT
1849,1694,DEPT_UPGRADE,1343,1000,1694,5,ACCEPTABLE
1850,1683,DEPT_SALES,1370,900,1683,9,ACCEPTABLE
1851,1916,DEPT_CANCEL,1680,1200,1916,4,EXCESSIVE
1852,1263,DEPT_SUPPORT,1418,900,1263,6,EXCESSIVE
1853,1924,DEPT_SUPPORT,1465,1000,1924,1,ACCEPTABLE
1854,1252,DEPT_SUPPORT,1973,900,1252,2,EXCESSIVE
1855,1092,DEPT_MAIN,1473,1000,1092,6,EXCESSIVE
1856,1931,DEPT_MAIN,1203,1000,1931,6,EXCESSIVE
1857,1736,DEPT_SUPPORT,1874,1200,1736,8,SHORT
1858,1263,DEPT_SALES,1507,900,1263,7,EXCESSIVE
1859,1223,DEPT_SALES,1224,900,1223,2,ACCEPTABLE
1860,1365,DEPT_UPGRADE,1545,1000,1365,5,SHORT
1861,1855,DEPT_MAIN,1857,1000,1855,8,ACCEPTABLE
1862,1294,DEPT_UPGRADE,1854,1000,1294,8,SHORT
1863,1874,DEPT_MAIN,1150,1200,1874,8,EXCESSIVE
1864,1740,DEPT_CANCEL,1000,1200,1740,3,ACCEPTABLE
1865,1981,DEPT_MAIN,1815,900,1981,6,SHORT
1866,1911,DEPT_CANCEL,1153,1000,1911,4,EXCESSIVE
1867,1861,DEPT_SUPPORT,1559,1200,1861,4,ACCEPTABLE
1868,1817,DEPT_SALES,1729,1000,1817,5,ACCEPTABLE
1869,1861,DEPT_CANCEL,1979,1000,1861,4,ACCEPTABLE
1870,1451,DEPT_UPGRADE,1088,900,1451,5,EXCESSIVE
1871,1574,DEPT_MAIN,1119,1200,1574,5,EXCESSIVE
1872,1346,DEPT_UPGRADE,1251,1000,1346,9,EXCESSIVE
1873,1796,DEPT_MAIN,1998,1000,1796,5,EXCESSIVE
1874,1439,DEPT_SUPPORT,1304,1200,1439,6,SHORT
1875,1835,DEPT_SALES,1716,900,1835,8,SHORT
1876,1098,DEPT_UPGRADE,1349,1200,1098,2,SHORT
1877,1134,DEPT_MAIN,1304,1200,1134,3,ACCEPTABLE
1878,1321,DEPT_MAIN,1095,1000,1321,1,ACCEPTABLE
1879,1903,DEPT_MAIN,1847,1200,1903,5,SHORT
1880,1136,DEPT_SALES,1295,1000,1136,4,ACCEPTABLE
1881,1287,DEPT_SALES,1555,1200,1287,1,SHORT
1882,1457,DEPT_SALES,1442,1200,1457,1,SHORT
1883,1213,DEPT_MAIN,1527,900,1213,6,EXCESSIVE
1884,1881,DEPT_UPGRADE,1230,1200,1881,4,ACCEPTABLE
1885,1958,DEPT_CANCEL,1428,900,1958,2,EXCESSIVE
1886,1756,DEPT_SUPPORT,1063,1000,1756,9,ACCEPTABLE
1887,1956,DEPT_UPGRADE,1530,900,1956,5,SHORT
1888,1822,DEPT_CANCEL,1497,1000,1822,1,EXCESSIVE
1889,1259,DEPT_MAIN,1706,1000,1259,4,ACCEPTABLE
1890,1728,DEPT_SUPPORT,1023,1200,1728,1,EXCESSIVE
1891,1160,DEPT_UPGRADE,1485,900,1160,9,ACCEPTABLE
1892,1244,DEPT_SUPPORT,1777,1200,1244,9,EXCESSIVE
1893,1228,DEPT_CANCEL,1639,1200,1228,1,ACCEPTABLE
1894,1453,DEPT_CANCEL,1488,1200,1453,7,SHORT
1895,1142,DEPT_MAIN,1461,1200,1142,7,SHORT
1896,1927,DEPT_SUPPORT,1956,1200,1927,4,ACCEPTABLE
1897,1012,DEPT_MAIN,1526,900,1012,2,ACCEPTABLE
1898,1970,DEPT_SALES,1518,1200,1970,3,ACCEPTABLE
1899,1044,DEPT_SALES,1449,1000,1044,9,SHORT
1900,1510,DEPT_CANCEL,1876,1200,1510,4,SHORT
1901,1956,DEPT_MAIN,1284,1200,1956,4,EXCESSIVE
1902,1652,DEPT_UPGRADE,1652,900,1652,9,ACCEPTABLE
1903,1108,DEPT_CANCEL,1025,1000,1108,4,SHORT
1904,1873,DEPT_MAIN,1592,1200,1873,9,SHORT
1905,1649,DEPT_SUPPORT,1588,1200,1649,5,ACCEPTABLE
1906,1258,DEPT_MAIN,1044,900,1258,6,ACCEPTABLE
1907,1423,DEPT_UPGRADE,1327,1200,1423,7,SHORT
1908,1560,DEPT_MAIN,1941,1000,1560,7,ACCEPTABLE
1909,1018,DEPT_SUPPORT,1301,1000,1018,7,EXCESSIVE
1910,1000,DEPT_UPGRADE,1181,900,1000,4,SHORT
1911,1162,DEPT_UPGRADE,1412,1200,1162,3,ACCEPTABLE
1912,1807,DEPT_SALES,1967,1000,1807,3,ACCEPTABLE
1913,1566,DEPT_UPGRADE,1490,900,1566,3,SHORT
1914,1484,DEPT_UPGRADE,1391,900,1484,6,SHORT
1915,1065,DEPT_MAIN,1161,900,1065,8,EXCESSIVE
1916,1167,DEPT_SALES,1668,1200,1167,2,ACCEPTABLE
1917,1674,DEPT_MAIN,1798,1000,1674,6,EXCESSIVE
1918,1740,DEPT_SALES,1961,1200,1740,2,ACCEPTABLE
1919,1705,DEPT_CANCEL,1707,1000,1705,5,EXCESSIVE
1920,1313,DEPT_SUPPORT,1384,1200,1313,7,EXCESSIVE
1921,1057,DEPT_UPGRADE,1362,1200,1057,6,ACCEPTABLE
1922,1584,DEPT_CANCEL,1067,1000,1584,2,SHORT
1923,1994,DEPT_SUPPORT,1377,1200,1994,4,EXCESSIVE
1924,1271,DEPT_MAIN,1976,1200,1271,7,ACCEPTABLE
1925,1445,DEPT_MAIN,1313,1200,1445,1,ACCEPTABLE
1926,1619,DEPT_UPGRADE,1993,1000,1619,4,ACCEPTABLE
1927,1784,DEPT_SUPPORT,1676,1200,1784,7,EXCESSIVE
1928,1510,DEPT_CANCEL,1336,1000,1510,2,ACCEPTABLE
1929,1702,DEPT_SALES,1769,900,1702,7,SHORT
1930,1867,DEPT_CANCEL,1250,1000,1867,2,ACCEPTABLE
1931,1913,DEPT_SALES,1088,1200,1913,3,ACCEPTABLE
1932,1504,DEPT_UPGRADE,1763,1200,1504,8,EXCESSIVE
1933,1571,DEPT_CANCEL,1298,1200,1571,6,ACCEPTABLE
1934,1405,DEPT_MAIN,1626,1200,1405,4,SHORT
1935,1258,DEPT_UPGRADE,1869,1200,1258,9,EXCESSIVE
1936,1557,DEPT_SALES,1828,1000,1557,2,EXCESSIVE
1937,1236,DEPT_MAIN,1010,1000,1236,8,EXCESSIVE
1938,1064,DEPT_SALES,1735,1000,1064,5,EXCESSIVE
1939,1276,DEPT_SUPPORT,1466,1200,1276,5,EXCESSIVE
1940,1262,DEPT_SUPPORT,1190,900,1262,5,ACCEPTABLE
1941,1911,DEPT_MAIN,1972,1000,1911,7,ACCEPTABLE
1942,1064,DEPT_SUPPORT,1050,1000,1064,1,SHORT
1943,1843,DEPT_SALES,1021,900,1843,2,SHORT
1944,1182,DEPT_SALES,1036,1000,1182,2,EXCESSIVE
1945,1399,DEPT_CANCEL,1571,1000,1399,4,EXCESSIVE
1946,1600,DEPT_SALES,1523,1200,1600,6,SHORT
1947,1990,DEPT_UPGRADE,1674,1200,1990,1,ACCEPTABLE
1948,1816,DEPT_SALES,1110,900,1816,4,EXCESSIVE
1949,1294,DEPT_SUPPORT,1389,900,1294,6,ACCEPTABLE
1950,1862,DEPT_MAIN,1441,1000,1862,3,SHORT
1951,1079,DEPT_SALES,1525,1200,1079,3,SHORT
1952,1845,DEPT_SUPPORT,1784,900,1845,9,ACCEPTABLE
1953,1944,DEPT_SUPPORT,1802,1000,1944,6,ACCEPTABLE
1954,1929,DEPT_SUPPORT,1869,900,1929,9,SHORT
1955,1947,DEPT_UPGRADE,1672,900,1947,3,ACCEPTABLE
1956,1289,DEPT_CANCEL,1976,900,1289,6,ACCEPTABLE
1957,1621,DEPT_MAIN,1705,1000,1621,5,SHORT
1958,1400,DEPT_MAIN,1592,900,1400,8,SHORT
1959,1126,DEPT_SUPPORT,1630,1000,1126,6,EXCESSIVE
1960,1097,DEPT_SALES,1641,1000,1097,3,EXCESSIVE
1961,1962,DEPT_CANCEL,1042,1000,1962,8,SHORT
1962,1022,DEPT_CANCEL,1931,900,1022,3,ACCEPTABLE
1963,1252,DEPT_UPGRADE,1281,1200,1252,5,ACCEPTABLE
1964,1472,DEPT_CANCEL,1533,900,1472,7,SHORT
1965,1354,DEPT_CANCEL,1024,1200,1354,8,EXCESSIVE
1966,1898,DEPT_MAIN,1770,900,1898,5,EXCESSIVE
1967,1185,DEPT_UPGRADE,1299,1000,1185,5,ACCEPTABLE
1968,1244,DEPT_SALES,1223,1000,1244,3,ACCEPTABLE
1969,1905,DEPT_CANCEL,1780,1200,1905,1,SHORT
1970,1268,DEPT_SUPPORT,1360,1000,1268,6,EXCESSIVE
1971,1906,DEPT_SALES,1386,1000,1906,8,SHORT
1972,1671,DEPT_CANCEL,1661,1000,1671,6,EXCESSIVE
1973,1053,DEPT_CANCEL,1400,1200,1053,4,ACCEPTABLE
1974,1498,DEPT_SUPPORT,1186,1200,1498,1,SHORT
1975,1262,DEPT_UPGRADE,1534,1200,1262,4,ACCEPTABLE
1976,1885,DEPT_UPGRADE,1668,1200,1885,7,EXCESSIVE
1977,1562,DEPT_SUPPORT,1445,1200,1562,4,ACCEPTABLE
1978,1118,DEPT_CANCEL,1587,1000,1118,5,SHORT
1979,1263,DEPT_CANCEL,1876,1200,1263,4,ACCEPTABLE
1980,1645,DEPT_UPGRADE,1631,1200,1645,9,EXCESSIVE
1981,1950,DEPT_SALES,1459,1000,1950,2,ACCEPTABLE
1982,1972,DEPT_SALES,1486,1000,1972,9,EXCESSIVE
1983,1471,DEPT_UPGRADE,1509,1000,1471,3,ACCEPTABLE
1984,1816,DEPT_SUPPORT,1766,900,1816,4,SHORT
1985,1590,DEPT_UPGRADE,1865,900,1590,3,ACCEPTABLE
1986,1759,DEPT_SALES,1786,900,1759,2,ACCEPTABLE
1987,1623,DEPT_SALES,1335,1200,1623,7,ACCEPTABLE
1988,1708,DEPT_UPGRADE,1662,1200,1708,1,EXCESSIVE
1989,1215,DEPT_MAIN,1350,900,1215,1,SHORT
1990,1796,DEPT_MAIN,1441,900,1796,8,ACCEPTABLE
1991,1009,DEPT_SALES,1274,1200,1009,2,EXCESSIVE
1992,1076,DEPT_MAIN,1539,1000,1076,5,ACCEPTABLE
1993,1564,DEPT_CANCEL,1501,1000,1564,4,SHORT
1994,1251,DEPT_MAIN,1504,1000,1251,7,EXCESSIVE
1995,1926,DEPT_SUPPORT,1811,1000,1926,4,SHORT
1996,1438,DEPT_UPGRADE,1033,900,1438,9,ACCEPTABLE
1997,1320,DEPT_SUPPORT,1658,1200,1320,8,SHORT
1998,1983,DEPT_CANCEL,1146,900,1983,1,EXCESSIVE
